CPT only copyright 2015 American Medical Association. All rights reserved.,,,,,,,
"""2015 Part B National Summary Data File
Code Range: 21) Orthotic Procedures (L0000 - L4999)"" ",,,,,,,
This data table begins with column headers on row 5 and data cells are A-6 through F-891,,,,,,,
DESCRIPTION,HCPCS,MODIFIER,ALLOWED SERVICES,ALLOWED CHARGES,PAYMENT,,
ORTHOTIC PROCEDURES,L0112,,14,17966.22,13970.25,,
ORTHOTIC PROCEDURES,L0112,TOTAL,14,17966.22,13970.25,,
ORTHOTIC PROCEDURES,L0113,,160,43360.03,33879.11,,
ORTHOTIC PROCEDURES,L0113,TOTAL,160,43360.03,33879.11,,
ORTHOTIC PROCEDURES,L0120,,17253,446572.46,337442.96,,
ORTHOTIC PROCEDURES,L0120,TOTAL,17253,446572.46,337442.96,,
ORTHOTIC PROCEDURES,L0130,,131,21233.91,16158.24,,
ORTHOTIC PROCEDURES,L0130,TOTAL,131,21233.91,16158.24,,
ORTHOTIC PROCEDURES,L0140,,1272,70677.59,54397.62,,
ORTHOTIC PROCEDURES,L0140,TOTAL,1272,70677.59,54397.62,,
ORTHOTIC PROCEDURES,L0150,,1558,171952.91,131926.07999999999,,
ORTHOTIC PROCEDURES,L0150,TOTAL,1558,171952.91,131926.07999999999,,
ORTHOTIC PROCEDURES,L0160,,377,59221.22,44682.57,,
ORTHOTIC PROCEDURES,L0160,TOTAL,377,59221.22,44682.57,,
ORTHOTIC PROCEDURES,L0170,,112,65340.21,50055.71,,
ORTHOTIC PROCEDURES,L0170,TOTAL,112,65340.21,50055.71,,
ORTHOTIC PROCEDURES,L0172,,6757,873910.22,666237.93999999994,,
ORTHOTIC PROCEDURES,L0172,TOTAL,6757,873910.22,666237.93999999994,,
ORTHOTIC PROCEDURES,L0174,,12315,3225422.25,2489185.66,,
ORTHOTIC PROCEDURES,L0174,TOTAL,12315,3225422.25,2489185.66,,
ORTHOTIC PROCEDURES,L0180,,5111,1916723.63,1485386.29,,
ORTHOTIC PROCEDURES,L0180,TOTAL,5111,1916723.63,1485386.29,,
ORTHOTIC PROCEDURES,L0190,,101,48280.87,37452.269999999997,,
ORTHOTIC PROCEDURES,L0190,TOTAL,101,48280.87,37452.269999999997,,
ORTHOTIC PROCEDURES,L0200,,312,161815.35999999999,125903.93,,
ORTHOTIC PROCEDURES,L0200,TOTAL,312,161815.35999999999,125903.93,,
ORTHOTIC PROCEDURES,L0220,,291,21332.65,16319.5,,
ORTHOTIC PROCEDURES,L0220,TOTAL,291,21332.65,16319.5,,
ORTHOTIC PROCEDURES,L0450,,578,102697.62,78906.13,,
ORTHOTIC PROCEDURES,L0450,TOTAL,578,102697.62,78906.13,,
ORTHOTIC PROCEDURES,L0452,,N/A,2491.2399999999998,1953.14,,
ORTHOTIC PROCEDURES,L0452,TOTAL,N/A,2491.2399999999998,1953.14,,
ORTHOTIC PROCEDURES,L0454,,247,81380.27,62897.93,,
ORTHOTIC PROCEDURES,L0454,TOTAL,247,81380.27,62897.93,,
ORTHOTIC PROCEDURES,L0455,,90,29144.9,22577.86,,
ORTHOTIC PROCEDURES,L0455,TOTAL,90,29144.9,22577.86,,
ORTHOTIC PROCEDURES,L0456,,6018,5652335.54,4389618.71,,
ORTHOTIC PROCEDURES,L0456,TOTAL,6018,5652335.54,4389618.71,,
ORTHOTIC PROCEDURES,L0457,,3935,3707161.98,2890788.38,,
ORTHOTIC PROCEDURES,L0457,TOTAL,3935,3707161.98,2890788.38,,
ORTHOTIC PROCEDURES,L0458,,185,157097.73000000001,122015.33,,
ORTHOTIC PROCEDURES,L0458,TOTAL,185,157097.73000000001,122015.33,,
ORTHOTIC PROCEDURES,L0460,,1415,1349842.77,1052042.05,,
ORTHOTIC PROCEDURES,L0460,TOTAL,1415,1349842.77,1052042.05,,
ORTHOTIC PROCEDURES,L0462,,398,459072.02,356708.39,,
ORTHOTIC PROCEDURES,L0462,TOTAL,398,459072.02,356708.39,,
ORTHOTIC PROCEDURES,L0464,,3343,4702013.1100000003,3654379.21,,
ORTHOTIC PROCEDURES,L0464,TOTAL,3343,4702013.1100000003,3654379.21,,
ORTHOTIC PROCEDURES,L0466,,38,14433.1,11005.79,,
ORTHOTIC PROCEDURES,L0466,TOTAL,38,14433.1,11005.79,,
ORTHOTIC PROCEDURES,L0467,,14,5082.6400000000003,3984.76,,
ORTHOTIC PROCEDURES,L0467,TOTAL,14,5082.6400000000003,3984.76,,
ORTHOTIC PROCEDURES,L0468,,45,21686.22,16665.59,,
ORTHOTIC PROCEDURES,L0468,TOTAL,45,21686.22,16665.59,,
ORTHOTIC PROCEDURES,L0469,,N/A,3335.23,2614.8200000000002,,
ORTHOTIC PROCEDURES,L0469,TOTAL,N/A,3335.23,2614.8200000000002,,
ORTHOTIC PROCEDURES,L0470,,68,44767.96,34957.760000000002,,
ORTHOTIC PROCEDURES,L0470,TOTAL,68,44767.96,34957.760000000002,,
ORTHOTIC PROCEDURES,L0472,,4822,1974419.75,1533199.96,,
ORTHOTIC PROCEDURES,L0472,TOTAL,4822,1974419.75,1533199.96,,
ORTHOTIC PROCEDURES,L0480,,92,134759.38,102972.73,,
ORTHOTIC PROCEDURES,L0480,TOTAL,92,134759.38,102972.73,,
ORTHOTIC PROCEDURES,L0482,,537,833438.11,649393.86,,
ORTHOTIC PROCEDURES,L0482,TOTAL,537,833438.11,649393.86,,
ORTHOTIC PROCEDURES,L0484,,161,279962.19,219213.5,,
ORTHOTIC PROCEDURES,L0484,TOTAL,161,279962.19,219213.5,,
ORTHOTIC PROCEDURES,L0486,,2434,4376532.5599999996,3404341.29,,
ORTHOTIC PROCEDURES,L0486,TOTAL,2434,4376532.5599999996,3404341.29,,
ORTHOTIC PROCEDURES,L0488,,25,23748.95,18570.34,,
ORTHOTIC PROCEDURES,L0488,TOTAL,25,23748.95,18570.34,,
ORTHOTIC PROCEDURES,L0490,,16,4228,3247.26,,
ORTHOTIC PROCEDURES,L0490,TOTAL,16,4228,3247.26,,
ORTHOTIC PROCEDURES,L0491,,36,26108.35,20320.66,,
ORTHOTIC PROCEDURES,L0491,TOTAL,36,26108.35,20320.66,,
ORTHOTIC PROCEDURES,L0492,,22,10393.61,8148.64,,
ORTHOTIC PROCEDURES,L0492,TOTAL,22,10393.61,8148.64,,
ORTHOTIC PROCEDURES,L0621,,3726,357200.21,274181.21000000002,,
ORTHOTIC PROCEDURES,L0621,TOTAL,3726,357200.21,274181.21000000002,,
ORTHOTIC PROCEDURES,L0622,,73,14808.59,11527.56,,
ORTHOTIC PROCEDURES,L0622,TOTAL,73,14808.59,11527.56,,
ORTHOTIC PROCEDURES,L0623,,12,8021.1,6288.56,,
ORTHOTIC PROCEDURES,L0623,TOTAL,12,8021.1,6288.56,,
ORTHOTIC PROCEDURES,L0624,,N/A,1727.77,1303.68,,
ORTHOTIC PROCEDURES,L0624,TOTAL,N/A,1727.77,1303.68,,
ORTHOTIC PROCEDURES,L0625,,6692,340763.5,255663.76,,
ORTHOTIC PROCEDURES,L0625,TOTAL,6692,340763.5,255663.76,,
ORTHOTIC PROCEDURES,L0626,,6656,486493.21,366097.3,,
ORTHOTIC PROCEDURES,L0626,TOTAL,6656,486493.21,366097.3,,
ORTHOTIC PROCEDURES,L0627,,30822,11796824.27,9102067.8100000005,,
ORTHOTIC PROCEDURES,L0627,TOTAL,30822,11796824.27,9102067.8100000005,,
ORTHOTIC PROCEDURES,L0628,,3132,241684.3,181578.58,,
ORTHOTIC PROCEDURES,L0628,TOTAL,3132,241684.3,181578.58,,
ORTHOTIC PROCEDURES,L0629,,25,4924.1899999999996,3647.55,,
ORTHOTIC PROCEDURES,L0629,TOTAL,25,4924.1899999999996,3647.55,,
ORTHOTIC PROCEDURES,L0630,,2099,317939.67,239306.71,,
ORTHOTIC PROCEDURES,L0630,TOTAL,2099,317939.67,239306.71,,
ORTHOTIC PROCEDURES,L0631,,21394,20805035.510000002,16130460.289999999,,
ORTHOTIC PROCEDURES,L0631,TOTAL,21394,20805035.510000002,16130460.289999999,,
ORTHOTIC PROCEDURES,L0632,,N/A,5230.09,4100.3900000000003,,
ORTHOTIC PROCEDURES,L0632,TOTAL,N/A,5230.09,4100.3900000000003,,
ORTHOTIC PROCEDURES,L0633,,515,138501.25,106130.54,,
ORTHOTIC PROCEDURES,L0633,TOTAL,515,138501.25,106130.54,,
ORTHOTIC PROCEDURES,L0634,,22,8540.9599999999991,6207.97,,
ORTHOTIC PROCEDURES,L0634,TOTAL,22,8540.9599999999991,6207.97,,
ORTHOTIC PROCEDURES,L0635,,205,188898.82,147918.01,,
ORTHOTIC PROCEDURES,L0635,TOTAL,205,188898.82,147918.01,,
ORTHOTIC PROCEDURES,L0636,,75,108265.34,83428.289999999994,,
ORTHOTIC PROCEDURES,L0636,TOTAL,75,108265.34,83428.289999999994,,
ORTHOTIC PROCEDURES,L0637,,34075,41338144.170000002,32089557.48,,
ORTHOTIC PROCEDURES,L0637,TOTAL,34075,41338144.170000002,32089557.48,,
ORTHOTIC PROCEDURES,L0638,,387,485247.3,375147.38,,
ORTHOTIC PROCEDURES,L0638,TOTAL,387,485247.3,375147.38,,
ORTHOTIC PROCEDURES,L0639,,484,562713.16,422114.89,,
ORTHOTIC PROCEDURES,L0639,TOTAL,484,562713.16,422114.89,,
ORTHOTIC PROCEDURES,L0640,,352,348084.26,268868.63,,
ORTHOTIC PROCEDURES,L0640,TOTAL,352,348084.26,268868.63,,
ORTHOTIC PROCEDURES,L0641,,3874,286543.53999999998,218538.71,,
ORTHOTIC PROCEDURES,L0641,TOTAL,3874,286543.53999999998,218538.71,,
ORTHOTIC PROCEDURES,L0642,,33173,12870653.91,9998127.2300000004,,
ORTHOTIC PROCEDURES,L0642,TOTAL,33173,12870653.91,9998127.2300000004,,
ORTHOTIC PROCEDURES,L0643,,576,86610.94,66809.710000000006,,
ORTHOTIC PROCEDURES,L0643,TOTAL,576,86610.94,66809.710000000006,,
ORTHOTIC PROCEDURES,L0648,,65313,63437306.899999999,49315084.030000001,,
ORTHOTIC PROCEDURES,L0648,TOTAL,65313,63437306.899999999,49315084.030000001,,
ORTHOTIC PROCEDURES,L0649,,228,61410.06,47385.98,,
ORTHOTIC PROCEDURES,L0649,TOTAL,228,61410.06,47385.98,,
ORTHOTIC PROCEDURES,L0650,,96617,113625552.03,88399725.760000005,,
ORTHOTIC PROCEDURES,L0650,TOTAL,96617,113625552.03,88399725.760000005,,
ORTHOTIC PROCEDURES,L0651,,105,121018.87,92532.91,,
ORTHOTIC PROCEDURES,L0651,TOTAL,105,121018.87,92532.91,,
ORTHOTIC PROCEDURES,L0700,,N/A,20557.47,16117.06,,
ORTHOTIC PROCEDURES,L0700,TOTAL,N/A,20557.47,16117.06,,
ORTHOTIC PROCEDURES,L0710,,37,75960.44,59513.22,,
ORTHOTIC PROCEDURES,L0710,TOTAL,37,75960.44,59513.22,,
ORTHOTIC PROCEDURES,L0810,,N/A,8455.9,6629.42,,
ORTHOTIC PROCEDURES,L0810,TOTAL,N/A,8455.9,6629.42,,
ORTHOTIC PROCEDURES,L0820,,N/A,163.4,12.18,,
ORTHOTIC PROCEDURES,L0820,TOTAL,N/A,163.4,12.18,,
ORTHOTIC PROCEDURES,L0830,,N/A,1426,712.25,,
ORTHOTIC PROCEDURES,L0830,TOTAL,N/A,1426,712.25,,
ORTHOTIC PROCEDURES,L0859,,148,119647.62,93688.3,,
ORTHOTIC PROCEDURES,L0859,TOTAL,148,119647.62,93688.3,,
ORTHOTIC PROCEDURES,L0861,,N/A,1237.3800000000001,970.12,,
ORTHOTIC PROCEDURES,L0861,TOTAL,N/A,1237.3800000000001,970.12,,
ORTHOTIC PROCEDURES,L0970,,30,3217.96,2442.64,,
ORTHOTIC PROCEDURES,L0970,TOTAL,30,3217.96,2442.64,,
ORTHOTIC PROCEDURES,L0972,,723,75089.33,57189.17,,
ORTHOTIC PROCEDURES,L0972,TOTAL,723,75089.33,57189.17,,
ORTHOTIC PROCEDURES,L0974,,62,11835.97,8908.81,,
ORTHOTIC PROCEDURES,L0974,TOTAL,62,11835.97,8908.81,,
ORTHOTIC PROCEDURES,L0976,,749,109745.66,83168.81,,
ORTHOTIC PROCEDURES,L0976,TOTAL,749,109745.66,83168.81,,
ORTHOTIC PROCEDURES,L0978,,N/A,1109.77,870.06,,
ORTHOTIC PROCEDURES,L0978,TOTAL,N/A,1109.77,870.06,,
ORTHOTIC PROCEDURES,L0980,,N/A,72.94,57.18,,
ORTHOTIC PROCEDURES,L0980,TOTAL,N/A,72.94,57.18,,
ORTHOTIC PROCEDURES,L0982,,N/A,0,0,,
ORTHOTIC PROCEDURES,L0982,TOTAL,N/A,0,0,,
ORTHOTIC PROCEDURES,L0984,,N/A,0,0,,
ORTHOTIC PROCEDURES,L0984,TOTAL,N/A,0,0,,
ORTHOTIC PROCEDURES,L0999,,155,6084.45,4690.2,,
ORTHOTIC PROCEDURES,L0999,TOTAL,155,6084.45,4690.2,,
ORTHOTIC PROCEDURES,L1000,,N/A,8512.44,6627.11,,
ORTHOTIC PROCEDURES,L1000,TOTAL,N/A,8512.44,6627.11,,
ORTHOTIC PROCEDURES,L1005,,1090,3305607.98,2579299.83,,
ORTHOTIC PROCEDURES,L1005,TOTAL,1090,3305607.98,2579299.83,,
ORTHOTIC PROCEDURES,L1010,,76,4589.33,3598.23,,
ORTHOTIC PROCEDURES,L1010,TOTAL,76,4589.33,3598.23,,
ORTHOTIC PROCEDURES,L1020,,105,8157.35,6285.99,,
ORTHOTIC PROCEDURES,L1020,TOTAL,105,8157.35,6285.99,,
ORTHOTIC PROCEDURES,L1025,,N/A,260.39999999999998,204.15,,
ORTHOTIC PROCEDURES,L1025,TOTAL,N/A,260.39999999999998,204.15,,
ORTHOTIC PROCEDURES,L1030,,13,909.73,713.24,,
ORTHOTIC PROCEDURES,L1030,TOTAL,13,909.73,713.24,,
ORTHOTIC PROCEDURES,L1040,,29,2399.31,1881.12,,
ORTHOTIC PROCEDURES,L1040,TOTAL,29,2399.31,1881.12,,
ORTHOTIC PROCEDURES,L1050,,41,3251.24,2549.0700000000002,,
ORTHOTIC PROCEDURES,L1050,TOTAL,41,3251.24,2549.0700000000002,,
ORTHOTIC PROCEDURES,L1060,,22,2159.59,1693.1,,
ORTHOTIC PROCEDURES,L1060,TOTAL,22,2159.59,1693.1,,
ORTHOTIC PROCEDURES,L1070,,N/A,348.96,273.58,,
ORTHOTIC PROCEDURES,L1070,TOTAL,N/A,348.96,273.58,,
ORTHOTIC PROCEDURES,L1080,,N/A,169.02,132.52000000000001,,
ORTHOTIC PROCEDURES,L1080,TOTAL,N/A,169.02,132.52000000000001,,
ORTHOTIC PROCEDURES,L1090,,N/A,0,0,,
ORTHOTIC PROCEDURES,L1090,TOTAL,N/A,0,0,,
ORTHOTIC PROCEDURES,L1100,,N/A,0,0,,
ORTHOTIC PROCEDURES,L1100,TOTAL,N/A,0,0,,
ORTHOTIC PROCEDURES,L1110,,N/A,304.77,238.94,,
ORTHOTIC PROCEDURES,L1110,TOTAL,N/A,304.77,238.94,,
ORTHOTIC PROCEDURES,L1120,,21,793.74,622.21,,
ORTHOTIC PROCEDURES,L1120,TOTAL,21,793.74,622.21,,
ORTHOTIC PROCEDURES,L1200,,43,70550.740000000005,55196.47,,
ORTHOTIC PROCEDURES,L1200,TOTAL,43,70550.740000000005,55196.47,,
ORTHOTIC PROCEDURES,L1210,,57,14906,11685.97,,
ORTHOTIC PROCEDURES,L1210,TOTAL,57,14906,11685.97,,
ORTHOTIC PROCEDURES,L1220,,611,134379.69,104114.84,,
ORTHOTIC PROCEDURES,L1220,TOTAL,611,134379.69,104114.84,,
ORTHOTIC PROCEDURES,L1230,,N/A,1039.97,815.34,,
ORTHOTIC PROCEDURES,L1230,TOTAL,N/A,1039.97,815.34,,
ORTHOTIC PROCEDURES,L1240,,102,7802.87,6008.56,,
ORTHOTIC PROCEDURES,L1240,TOTAL,102,7802.87,6008.56,,
ORTHOTIC PROCEDURES,L1250,,137,9396.43,7366.92,,
ORTHOTIC PROCEDURES,L1250,TOTAL,137,9396.43,7366.92,,
ORTHOTIC PROCEDURES,L1260,,33,2556.58,2004.37,,
ORTHOTIC PROCEDURES,L1260,TOTAL,33,2556.58,2004.37,,
ORTHOTIC PROCEDURES,L1270,,112,8383.75,6457.36,,
ORTHOTIC PROCEDURES,L1270,TOTAL,112,8383.75,6457.36,,
ORTHOTIC PROCEDURES,L1280,,41,3294.18,2566.2800000000002,,
ORTHOTIC PROCEDURES,L1280,TOTAL,41,3294.18,2566.2800000000002,,
ORTHOTIC PROCEDURES,L1290,,127,9470.17,7258.87,,
ORTHOTIC PROCEDURES,L1290,TOTAL,127,9470.17,7258.87,,
ORTHOTIC PROCEDURES,L1300,,96,174140.03,135884.64000000001,,
ORTHOTIC PROCEDURES,L1300,TOTAL,96,174140.03,135884.64000000001,,
ORTHOTIC PROCEDURES,L1310,,N/A,1985.33,1556.49,,
ORTHOTIC PROCEDURES,L1310,TOTAL,N/A,1985.33,1556.49,,
ORTHOTIC PROCEDURES,L1499,,62,8975.41,6996.53,,
ORTHOTIC PROCEDURES,L1499,TOTAL,62,8975.41,6996.53,,
ORTHOTIC PROCEDURES,L1600,,92,11572.19,8597.85,,
ORTHOTIC PROCEDURES,L1600,TOTAL,92,11572.19,8597.85,,
ORTHOTIC PROCEDURES,L1610,,24,970.55,760.84,,
ORTHOTIC PROCEDURES,L1610,TOTAL,24,970.55,760.84,,
ORTHOTIC PROCEDURES,L1620,,N/A,460.37,360.92,,
ORTHOTIC PROCEDURES,L1620,TOTAL,N/A,460.37,360.92,,
ORTHOTIC PROCEDURES,L1630,,N/A,488.6,383.06,,
ORTHOTIC PROCEDURES,L1630,TOTAL,N/A,488.6,383.06,,
ORTHOTIC PROCEDURES,L1640,,N/A,2603.23,1713.18,,
ORTHOTIC PROCEDURES,L1640,TOTAL,N/A,2603.23,1713.18,,
ORTHOTIC PROCEDURES,L1650,,14,3321.53,2430.56,,
ORTHOTIC PROCEDURES,L1650,TOTAL,14,3321.53,2430.56,,
ORTHOTIC PROCEDURES,L1652,,1141,387294.69,301712.95,,
ORTHOTIC PROCEDURES,L1652,TOTAL,1141,387294.69,301712.95,,
ORTHOTIC PROCEDURES,L1660,,N/A,1282.45,774.96,,
ORTHOTIC PROCEDURES,L1660,TOTAL,N/A,1282.45,774.96,,
ORTHOTIC PROCEDURES,L1680,,30,37184.910000000003,29108.27,,
ORTHOTIC PROCEDURES,L1680,TOTAL,30,37184.910000000003,29108.27,,
ORTHOTIC PROCEDURES,L1685,,39,47216.17,37017.58,,
ORTHOTIC PROCEDURES,L1685,TOTAL,39,47216.17,37017.58,,
ORTHOTIC PROCEDURES,L1686,,2009,1863160.07,1444523.95,,
ORTHOTIC PROCEDURES,L1686,TOTAL,2009,1863160.07,1444523.95,,
ORTHOTIC PROCEDURES,L1690,,18,32716.240000000002,25649.54,,
ORTHOTIC PROCEDURES,L1690,TOTAL,18,32716.240000000002,25649.54,,
ORTHOTIC PROCEDURES,L1700,,N/A,0,0,,
ORTHOTIC PROCEDURES,L1700,TOTAL,N/A,0,0,,
ORTHOTIC PROCEDURES,L1720,,N/A,0,0,,
ORTHOTIC PROCEDURES,L1720,TOTAL,N/A,0,0,,
ORTHOTIC PROCEDURES,L1730,,N/A,1012.93,794.13,,
ORTHOTIC PROCEDURES,L1730,TOTAL,N/A,1012.93,794.13,,
ORTHOTIC PROCEDURES,L1810,,36472,3683785.34,2799057.75,,
ORTHOTIC PROCEDURES,L1810,TOTAL,36472,3683785.34,2799057.75,,
ORTHOTIC PROCEDURES,L1812,,29853,3086152.62,2367333.7599999998,,
ORTHOTIC PROCEDURES,L1812,TOTAL,29853,3086152.62,2367333.7599999998,,
ORTHOTIC PROCEDURES,L1820,,78152,9961643.1699999999,7590092.0999999996,,
ORTHOTIC PROCEDURES,L1820,TOTAL,78152,9961643.1699999999,7590092.0999999996,,
ORTHOTIC PROCEDURES,L1830,,28985,2529769.35,1934943.61,,
ORTHOTIC PROCEDURES,L1830,TOTAL,28985,2529769.35,1934943.61,,
ORTHOTIC PROCEDURES,L1831,,6446,1793737.21,1396944.17,,
ORTHOTIC PROCEDURES,L1831,TOTAL,6446,1793737.21,1396944.17,,
ORTHOTIC PROCEDURES,L1832,,38269,24488693.309999999,19029651.309999999,,
ORTHOTIC PROCEDURES,L1832,TOTAL,38269,24488693.309999999,19029651.309999999,,
ORTHOTIC PROCEDURES,L1833,,162211,104587578.45,81547032.120000005,,
ORTHOTIC PROCEDURES,L1833,TOTAL,162211,104587578.45,81547032.120000005,,
ORTHOTIC PROCEDURES,L1834,,23,16887.53,13009.35,,
ORTHOTIC PROCEDURES,L1834,TOTAL,23,16887.53,13009.35,,
ORTHOTIC PROCEDURES,L1836,,177,21926.98,16584.93,,
ORTHOTIC PROCEDURES,L1836,TOTAL,177,21926.98,16584.93,,
ORTHOTIC PROCEDURES,L1840,,28,28396.639999999999,22262.91,,
ORTHOTIC PROCEDURES,L1840,TOTAL,28,28396.639999999999,22262.91,,
ORTHOTIC PROCEDURES,L1843,,19518,15255526.49,11848332.33,,
ORTHOTIC PROCEDURES,L1843,TOTAL,19518,15255526.49,11848332.33,,
ORTHOTIC PROCEDURES,L1844,,5577,9278790.6300000008,7247798.4900000002,,
ORTHOTIC PROCEDURES,L1844,TOTAL,5577,9278790.6300000008,7247798.4900000002,,
ORTHOTIC PROCEDURES,L1845,,12367,10211566.470000001,7892943.5700000003,,
ORTHOTIC PROCEDURES,L1845,TOTAL,12367,10211566.470000001,7892943.5700000003,,
ORTHOTIC PROCEDURES,L1846,,6169,7071558.1100000003,5478605,,
ORTHOTIC PROCEDURES,L1846,TOTAL,6169,7071558.1100000003,5478605,,
ORTHOTIC PROCEDURES,L1847,,N/A,0,0,,
ORTHOTIC PROCEDURES,L1847,TOTAL,N/A,0,0,,
ORTHOTIC PROCEDURES,L1848,,N/A,0,0,,
ORTHOTIC PROCEDURES,L1848,TOTAL,N/A,0,0,,
ORTHOTIC PROCEDURES,L1850,,456,126757.06,96517.18,,
ORTHOTIC PROCEDURES,L1850,TOTAL,456,126757.06,96517.18,,
ORTHOTIC PROCEDURES,L1860,,N/A,1280.48,1003.89,,
ORTHOTIC PROCEDURES,L1860,TOTAL,N/A,1280.48,1003.89,,
ORTHOTIC PROCEDURES,L1900,,146,34692.35,26902.63,,
ORTHOTIC PROCEDURES,L1900,TOTAL,146,34692.35,26902.63,,
ORTHOTIC PROCEDURES,L1902,,109588,8619761.8499999996,6585772.4199999999,,
ORTHOTIC PROCEDURES,L1902,TOTAL,109588,8619761.8499999996,6585772.4199999999,,
ORTHOTIC PROCEDURES,L1904,,451,207101.25,160053.54,,
ORTHOTIC PROCEDURES,L1904,TOTAL,451,207101.25,160053.54,,
ORTHOTIC PROCEDURES,L1906,,31950,3636868.61,2788841.06,,
ORTHOTIC PROCEDURES,L1906,TOTAL,31950,3636868.61,2788841.06,,
ORTHOTIC PROCEDURES,L1907,,1989,1027007.64,792183.14,,
ORTHOTIC PROCEDURES,L1907,TOTAL,1989,1027007.64,792183.14,,
ORTHOTIC PROCEDURES,L1910,,169,48538.15,37749.61,,
ORTHOTIC PROCEDURES,L1910,TOTAL,169,48538.15,37749.61,,
ORTHOTIC PROCEDURES,L1920,,103,28794.87,22450.6,,
ORTHOTIC PROCEDURES,L1920,TOTAL,103,28794.87,22450.6,,
ORTHOTIC PROCEDURES,L1930,,13218,2968920.16,2284157.56,,
ORTHOTIC PROCEDURES,L1930,TOTAL,13218,2968920.16,2284157.56,,
ORTHOTIC PROCEDURES,L1932,,19474,16473491.359999999,12751175.02,,
ORTHOTIC PROCEDURES,L1932,TOTAL,19474,16473491.359999999,12751175.02,,
ORTHOTIC PROCEDURES,L1940,,32378,16058353.970000001,12441131.720000001,,
ORTHOTIC PROCEDURES,L1940,TOTAL,32378,16058353.970000001,12441131.720000001,,
ORTHOTIC PROCEDURES,L1945,,1568,1525209.5,1176887.8400000001,,
ORTHOTIC PROCEDURES,L1945,TOTAL,1568,1525209.5,1176887.8400000001,,
ORTHOTIC PROCEDURES,L1950,,867,635097.13,490674.41,,
ORTHOTIC PROCEDURES,L1950,TOTAL,867,635097.13,490674.41,,
ORTHOTIC PROCEDURES,L1951,,8532,6791493.7000000002,5258343.7300000004,,
ORTHOTIC PROCEDURES,L1951,TOTAL,8532,6791493.7000000002,5258343.7300000004,,
ORTHOTIC PROCEDURES,L1960,,21216,11970387.67,9217616.2899999991,,
ORTHOTIC PROCEDURES,L1960,TOTAL,21216,11970387.67,9217616.2899999991,,
ORTHOTIC PROCEDURES,L1970,,30324,21504884.25,16642414.109999999,,
ORTHOTIC PROCEDURES,L1970,TOTAL,30324,21504884.25,16642414.109999999,,
ORTHOTIC PROCEDURES,L1971,,28703,12680038.310000001,9849014.8000000007,,
ORTHOTIC PROCEDURES,L1971,TOTAL,28703,12680038.310000001,9849014.8000000007,,
ORTHOTIC PROCEDURES,L1980,,497,179643.6,137640.74,,
ORTHOTIC PROCEDURES,L1980,TOTAL,497,179643.6,137640.74,,
ORTHOTIC PROCEDURES,L1990,,6258,2723650.76,2097427.5299999998,,
ORTHOTIC PROCEDURES,L1990,TOTAL,6258,2723650.76,2097427.5299999998,,
ORTHOTIC PROCEDURES,L2000,,27,27613.58,21609.59,,
ORTHOTIC PROCEDURES,L2000,TOTAL,27,27613.58,21609.59,,
ORTHOTIC PROCEDURES,L2005,,456,1736952.73,1352266.14,,
ORTHOTIC PROCEDURES,L2005,TOTAL,456,1736952.73,1352266.14,,
ORTHOTIC PROCEDURES,L2010,,15,13801.84,10484.959999999999,,
ORTHOTIC PROCEDURES,L2010,TOTAL,15,13801.84,10484.959999999999,,
ORTHOTIC PROCEDURES,L2020,,894,986735.34,759978.15,,
ORTHOTIC PROCEDURES,L2020,TOTAL,894,986735.34,759978.15,,
ORTHOTIC PROCEDURES,L2030,,79,82897.210000000006,64600.61,,
ORTHOTIC PROCEDURES,L2030,TOTAL,79,82897.210000000006,64600.61,,
ORTHOTIC PROCEDURES,L2034,,52,101257.68,79207.75,,
ORTHOTIC PROCEDURES,L2034,TOTAL,52,101257.68,79207.75,,
ORTHOTIC PROCEDURES,L2035,,N/A,165.81,130,,
ORTHOTIC PROCEDURES,L2035,TOTAL,N/A,165.81,130,,
ORTHOTIC PROCEDURES,L2036,,3573,6616904.2400000002,5118224.18,,
ORTHOTIC PROCEDURES,L2036,TOTAL,3573,6616904.2400000002,5118224.18,,
ORTHOTIC PROCEDURES,L2037,,162,274734.65000000002,213318.34,,
ORTHOTIC PROCEDURES,L2037,TOTAL,162,274734.65000000002,213318.34,,
ORTHOTIC PROCEDURES,L2038,,29,41089.300000000003,32119.3,,
ORTHOTIC PROCEDURES,L2038,TOTAL,29,41089.300000000003,32119.3,,
ORTHOTIC PROCEDURES,L2040,,N/A,1517.57,1189.78,,
ORTHOTIC PROCEDURES,L2040,TOTAL,N/A,1517.57,1189.78,,
ORTHOTIC PROCEDURES,L2050,,N/A,3033.89,2378.56,,
ORTHOTIC PROCEDURES,L2050,TOTAL,N/A,3033.89,2378.56,,
ORTHOTIC PROCEDURES,L2060,,N/A,519.62,407.39,,
ORTHOTIC PROCEDURES,L2060,TOTAL,N/A,519.62,407.39,,
ORTHOTIC PROCEDURES,L2070,,13,1933.15,1515.57,,
ORTHOTIC PROCEDURES,L2070,TOTAL,13,1933.15,1515.57,,
ORTHOTIC PROCEDURES,L2080,,N/A,1111.3900000000001,871.32,,
ORTHOTIC PROCEDURES,L2080,TOTAL,N/A,1111.3900000000001,871.32,,
ORTHOTIC PROCEDURES,L2090,,12,5745.07,4009.73,,
ORTHOTIC PROCEDURES,L2090,TOTAL,12,5745.07,4009.73,,
ORTHOTIC PROCEDURES,L2106,,75,55153.120000000003,43240,,
ORTHOTIC PROCEDURES,L2106,TOTAL,75,55153.120000000003,43240,,
ORTHOTIC PROCEDURES,L2108,,109,119338.06,91605.19,,
ORTHOTIC PROCEDURES,L2108,TOTAL,109,119338.06,91605.19,,
ORTHOTIC PROCEDURES,L2112,,833,378050.18,293475.69,,
ORTHOTIC PROCEDURES,L2112,TOTAL,833,378050.18,293475.69,,
ORTHOTIC PROCEDURES,L2114,,2075,980658.56,759435.29,,
ORTHOTIC PROCEDURES,L2114,TOTAL,2075,980658.56,759435.29,,
ORTHOTIC PROCEDURES,L2116,,1806,1053964.6599999999,817161.5,,
ORTHOTIC PROCEDURES,L2116,TOTAL,1806,1053964.6599999999,817161.5,,
ORTHOTIC PROCEDURES,L2126,,22,26344.62,20004.919999999998,,
ORTHOTIC PROCEDURES,L2126,TOTAL,22,26344.62,20004.919999999998,,
ORTHOTIC PROCEDURES,L2128,,69,117129.44,91484.69,,
ORTHOTIC PROCEDURES,L2128,TOTAL,69,117129.44,91484.69,,
ORTHOTIC PROCEDURES,L2132,,N/A,4731.95,3602.7,,
ORTHOTIC PROCEDURES,L2132,TOTAL,N/A,4731.95,3602.7,,
ORTHOTIC PROCEDURES,L2134,,14,13180.98,10044.959999999999,,
ORTHOTIC PROCEDURES,L2134,TOTAL,14,13180.98,10044.959999999999,,
ORTHOTIC PROCEDURES,L2136,,35,40768.22,31027.79,,
ORTHOTIC PROCEDURES,L2136,TOTAL,35,40768.22,31027.79,,
ORTHOTIC PROCEDURES,L2180,,215,25119.07,19467,,
ORTHOTIC PROCEDURES,L2180,TOTAL,215,25119.07,19467,,
ORTHOTIC PROCEDURES,L2182,,152,14487.35,11185.64,,
ORTHOTIC PROCEDURES,L2182,TOTAL,152,14487.35,11185.64,,
ORTHOTIC PROCEDURES,L2184,,66,7764.93,5947.55,,
ORTHOTIC PROCEDURES,L2184,TOTAL,66,7764.93,5947.55,,
ORTHOTIC PROCEDURES,L2186,,111,16227.87,12544.09,,
ORTHOTIC PROCEDURES,L2186,TOTAL,111,16227.87,12544.09,,
ORTHOTIC PROCEDURES,L2188,,14,4354.66,3414.01,,
ORTHOTIC PROCEDURES,L2188,TOTAL,14,4354.66,3414.01,,
ORTHOTIC PROCEDURES,L2190,,N/A,575.29,451.03,,
ORTHOTIC PROCEDURES,L2190,TOTAL,N/A,575.29,451.03,,
ORTHOTIC PROCEDURES,L2192,,19,7064.75,5268.3,,
ORTHOTIC PROCEDURES,L2192,TOTAL,19,7064.75,5268.3,,
ORTHOTIC PROCEDURES,L2200,,13408,638901.01,494789.49,,
ORTHOTIC PROCEDURES,L2200,TOTAL,13408,638901.01,494789.49,,
ORTHOTIC PROCEDURES,L2210,,22425,1464015.51,1135686.3400000001,,
ORTHOTIC PROCEDURES,L2210,TOTAL,22425,1464015.51,1135686.3400000001,,
ORTHOTIC PROCEDURES,L2220,,20287,1629223.36,1264722.71,,
ORTHOTIC PROCEDURES,L2220,TOTAL,20287,1629223.36,1264722.71,,
ORTHOTIC PROCEDURES,L2230,,2260,166200.85,127728.64,,
ORTHOTIC PROCEDURES,L2230,TOTAL,2260,166200.85,127728.64,,
ORTHOTIC PROCEDURES,L2232,,1335,123749.18,96331.62,,
ORTHOTIC PROCEDURES,L2232,TOTAL,1335,123749.18,96331.62,,
ORTHOTIC PROCEDURES,L2240,,104,8450.76,6534.07,,
ORTHOTIC PROCEDURES,L2240,TOTAL,104,8450.76,6534.07,,
ORTHOTIC PROCEDURES,L2250,,2519,878646.96,680665.34,,
ORTHOTIC PROCEDURES,L2250,TOTAL,2519,878646.96,680665.34,,
ORTHOTIC PROCEDURES,L2260,,461,86298.2,66876.09,,
ORTHOTIC PROCEDURES,L2260,TOTAL,461,86298.2,66876.09,,
ORTHOTIC PROCEDURES,L2265,,3920,449193.38,347339.16,,
ORTHOTIC PROCEDURES,L2265,TOTAL,3920,449193.38,347339.16,,
ORTHOTIC PROCEDURES,L2270,,16187,857855.64,663502.96,,
ORTHOTIC PROCEDURES,L2270,TOTAL,16187,857855.64,663502.96,,
ORTHOTIC PROCEDURES,L2275,,36328,4450905.1900000004,3451887.39,,
ORTHOTIC PROCEDURES,L2275,TOTAL,36328,4450905.1900000004,3451887.39,,
ORTHOTIC PROCEDURES,L2280,,7552,3428378.61,2662770.4700000002,,
ORTHOTIC PROCEDURES,L2280,TOTAL,7552,3428378.61,2662770.4700000002,,
ORTHOTIC PROCEDURES,L2300,,N/A,1864.09,1461.42,,
ORTHOTIC PROCEDURES,L2300,TOTAL,N/A,1864.09,1461.42,,
ORTHOTIC PROCEDURES,L2310,,19,2641.33,2070.77,,
ORTHOTIC PROCEDURES,L2310,TOTAL,19,2641.33,2070.77,,
ORTHOTIC PROCEDURES,L2320,,532,103981.81,81232.3,,
ORTHOTIC PROCEDURES,L2320,TOTAL,532,103981.81,81232.3,,
ORTHOTIC PROCEDURES,L2330,,29613,11398045.66,8886575.4299999997,,
ORTHOTIC PROCEDURES,L2330,TOTAL,29613,11398045.66,8886575.4299999997,,
ORTHOTIC PROCEDURES,L2335,,218,48919.14,38068.720000000001,,
ORTHOTIC PROCEDURES,L2335,TOTAL,218,48919.14,38068.720000000001,,
ORTHOTIC PROCEDURES,L2340,,5614,2598119.0499999998,2018571.63,,
ORTHOTIC PROCEDURES,L2340,TOTAL,5614,2598119.0499999998,2018571.63,,
ORTHOTIC PROCEDURES,L2350,,624,558557.49,434607.52,,
ORTHOTIC PROCEDURES,L2350,TOTAL,624,558557.49,434607.52,,
ORTHOTIC PROCEDURES,L2360,,3095,157341.1,121063.3,,
ORTHOTIC PROCEDURES,L2360,TOTAL,3095,157341.1,121063.3,,
ORTHOTIC PROCEDURES,L2370,,153,42582.98,33384.730000000003,,
ORTHOTIC PROCEDURES,L2370,TOTAL,153,42582.98,33384.730000000003,,
ORTHOTIC PROCEDURES,L2375,,43,5070.17,3975,,
ORTHOTIC PROCEDURES,L2375,TOTAL,43,5070.17,3975,,
ORTHOTIC PROCEDURES,L2380,,57,7036.87,5516.87,,
ORTHOTIC PROCEDURES,L2380,TOTAL,57,7036.87,5516.87,,
ORTHOTIC PROCEDURES,L2385,,2602,353370.49,272884.84000000003,,
ORTHOTIC PROCEDURES,L2385,TOTAL,2602,353370.49,272884.84000000003,,
ORTHOTIC PROCEDURES,L2387,,655,109887.64,85274.03,,
ORTHOTIC PROCEDURES,L2387,TOTAL,655,109887.64,85274.03,,
ORTHOTIC PROCEDURES,L2390,,1593,174890.85,136490.73000000001,,
ORTHOTIC PROCEDURES,L2390,TOTAL,1593,174890.85,136490.73000000001,,
ORTHOTIC PROCEDURES,L2395,,1076,168301.95,130864.68,,
ORTHOTIC PROCEDURES,L2395,TOTAL,1076,168301.95,130864.68,,
ORTHOTIC PROCEDURES,L2397,,141699,15642218.15,12152109.26,,
ORTHOTIC PROCEDURES,L2397,TOTAL,141699,15642218.15,12152109.26,,
ORTHOTIC PROCEDURES,L2405,,3192,264019.5,204203.51999999999,,
ORTHOTIC PROCEDURES,L2405,TOTAL,3192,264019.5,204203.51999999999,,
ORTHOTIC PROCEDURES,L2415,,3232,371571.15,288081.94,,
ORTHOTIC PROCEDURES,L2415,TOTAL,3232,371571.15,288081.94,,
ORTHOTIC PROCEDURES,L2425,,1613,215403.75,167472.71,,
ORTHOTIC PROCEDURES,L2425,TOTAL,1613,215403.75,167472.71,,
ORTHOTIC PROCEDURES,L2430,,1034,140238.41,109429.13,,
ORTHOTIC PROCEDURES,L2430,TOTAL,1034,140238.41,109429.13,,
ORTHOTIC PROCEDURES,L2492,,563,57572.79,44749.81,,
ORTHOTIC PROCEDURES,L2492,TOTAL,563,57572.79,44749.81,,
ORTHOTIC PROCEDURES,L2500,,33,10151.11,7625.44,,
ORTHOTIC PROCEDURES,L2500,TOTAL,33,10151.11,7625.44,,
ORTHOTIC PROCEDURES,L2510,,186,142502.49,110848.02,,
ORTHOTIC PROCEDURES,L2510,TOTAL,186,142502.49,110848.02,,
ORTHOTIC PROCEDURES,L2520,,42,19992.400000000001,15512.23,,
ORTHOTIC PROCEDURES,L2520,TOTAL,42,19992.400000000001,15512.23,,
ORTHOTIC PROCEDURES,L2525,,300,372932.79,290326.52,,
ORTHOTIC PROCEDURES,L2525,TOTAL,300,372932.79,290326.52,,
ORTHOTIC PROCEDURES,L2526,,33,23536.32,17811.62,,
ORTHOTIC PROCEDURES,L2526,TOTAL,33,23536.32,17811.62,,
ORTHOTIC PROCEDURES,L2530,,93,20891.93,16222.75,,
ORTHOTIC PROCEDURES,L2530,TOTAL,93,20891.93,16222.75,,
ORTHOTIC PROCEDURES,L2540,,157,69445.67,54231.86,,
ORTHOTIC PROCEDURES,L2540,TOTAL,157,69445.67,54231.86,,
ORTHOTIC PROCEDURES,L2550,,222,63804.71,49665.86,,
ORTHOTIC PROCEDURES,L2550,TOTAL,222,63804.71,49665.86,,
ORTHOTIC PROCEDURES,L2570,,31,14322.12,11113.26,,
ORTHOTIC PROCEDURES,L2570,TOTAL,31,14322.12,11113.26,,
ORTHOTIC PROCEDURES,L2580,,N/A,2462.14,1930.32,,
ORTHOTIC PROCEDURES,L2580,TOTAL,N/A,2462.14,1930.32,,
ORTHOTIC PROCEDURES,L2600,,24,5175.17,3994.72,,
ORTHOTIC PROCEDURES,L2600,TOTAL,24,5175.17,3994.72,,
ORTHOTIC PROCEDURES,L2610,,25,6239.84,4892,,
ORTHOTIC PROCEDURES,L2610,TOTAL,25,6239.84,4892,,
ORTHOTIC PROCEDURES,L2620,,79,21795.47,16505.53,,
ORTHOTIC PROCEDURES,L2620,TOTAL,79,21795.47,16505.53,,
ORTHOTIC PROCEDURES,L2622,,138,44201.83,33849.99,,
ORTHOTIC PROCEDURES,L2622,TOTAL,138,44201.83,33849.99,,
ORTHOTIC PROCEDURES,L2624,,827,286666.40000000002,222992.31,,
ORTHOTIC PROCEDURES,L2624,TOTAL,827,286666.40000000002,222992.31,,
ORTHOTIC PROCEDURES,L2627,,N/A,13176.39,10330.26,,
ORTHOTIC PROCEDURES,L2627,TOTAL,N/A,13176.39,10330.26,,
ORTHOTIC PROCEDURES,L2628,,17,28706.959999999999,21634.74,,
ORTHOTIC PROCEDURES,L2628,TOTAL,17,28706.959999999999,21634.74,,
ORTHOTIC PROCEDURES,L2630,,43,10299.61,8074.82,,
ORTHOTIC PROCEDURES,L2630,TOTAL,43,10299.61,8074.82,,
ORTHOTIC PROCEDURES,L2640,,31,10258.48,7622.91,,
ORTHOTIC PROCEDURES,L2640,TOTAL,31,10258.48,7622.91,,
ORTHOTIC PROCEDURES,L2650,,30,3878.79,2886.82,,
ORTHOTIC PROCEDURES,L2650,TOTAL,30,3878.79,2886.82,,
ORTHOTIC PROCEDURES,L2660,,N/A,460.41,203.01,,
ORTHOTIC PROCEDURES,L2660,TOTAL,N/A,460.41,203.01,,
ORTHOTIC PROCEDURES,L2670,,N/A,949.14,744.15,,
ORTHOTIC PROCEDURES,L2670,TOTAL,N/A,949.14,744.15,,
ORTHOTIC PROCEDURES,L2680,,17,2703.52,1937.11,,
ORTHOTIC PROCEDURES,L2680,TOTAL,17,2703.52,1937.11,,
ORTHOTIC PROCEDURES,L2750,,257,20525.09,15878.92,,
ORTHOTIC PROCEDURES,L2750,TOTAL,257,20525.09,15878.92,,
ORTHOTIC PROCEDURES,L2755,,14889,1845758.91,1431564.69,,
ORTHOTIC PROCEDURES,L2755,TOTAL,14889,1845758.91,1431564.69,,
ORTHOTIC PROCEDURES,L2760,,278,17821.25,13928.29,,
ORTHOTIC PROCEDURES,L2760,TOTAL,278,17821.25,13928.29,,
ORTHOTIC PROCEDURES,L2768,,259,32004.77,24649.42,,
ORTHOTIC PROCEDURES,L2768,TOTAL,259,32004.77,24649.42,,
ORTHOTIC PROCEDURES,L2780,,12248,801513.42,622775.02,,
ORTHOTIC PROCEDURES,L2780,TOTAL,12248,801513.42,622775.02,,
ORTHOTIC PROCEDURES,L2785,,1637,53174.19,40913.46,,
ORTHOTIC PROCEDURES,L2785,TOTAL,1637,53174.19,40913.46,,
ORTHOTIC PROCEDURES,L2795,,5168,418069.8,322491.90000000002,,
ORTHOTIC PROCEDURES,L2795,TOTAL,5168,418069.8,322491.90000000002,,
ORTHOTIC PROCEDURES,L2800,,547,57780.61,45085.61,,
ORTHOTIC PROCEDURES,L2800,TOTAL,547,57780.61,45085.61,,
ORTHOTIC PROCEDURES,L2810,,12030,953485.78,746376.51,,
ORTHOTIC PROCEDURES,L2810,TOTAL,12030,953485.78,746376.51,,
ORTHOTIC PROCEDURES,L2820,,83407,7018572.9000000004,5453864.8799999999,,
ORTHOTIC PROCEDURES,L2820,TOTAL,83407,7018572.9000000004,5453864.8799999999,,
ORTHOTIC PROCEDURES,L2830,,3343,310500.83,240797.11,,
ORTHOTIC PROCEDURES,L2830,TOTAL,3343,310500.83,240797.11,,
ORTHOTIC PROCEDURES,L2840,,N/A,0,0,,
ORTHOTIC PROCEDURES,L2840,TOTAL,N/A,0,0,,
ORTHOTIC PROCEDURES,L2850,,N/A,0,0,,
ORTHOTIC PROCEDURES,L2850,TOTAL,N/A,0,0,,
ORTHOTIC PROCEDURES,L2861,,N/A,0,0,,
ORTHOTIC PROCEDURES,L2861,TOTAL,N/A,0,0,,
ORTHOTIC PROCEDURES,L2999,,693,123377.07,96113.66,,
ORTHOTIC PROCEDURES,L2999,TOTAL,693,123377.07,96113.66,,
ORTHOTIC PROCEDURES,L3000,,19892,5472641.5700000003,4239135.42,,
ORTHOTIC PROCEDURES,L3000,TOTAL,19892,5472641.5700000003,4239135.42,,
ORTHOTIC PROCEDURES,L3001,,544,57470.3,44704.05,,
ORTHOTIC PROCEDURES,L3001,TOTAL,544,57470.3,44704.05,,
ORTHOTIC PROCEDURES,L3002,,3193,456760.16,351500.49,,
ORTHOTIC PROCEDURES,L3002,TOTAL,3193,456760.16,351500.49,,
ORTHOTIC PROCEDURES,L3003,,61,6112,4736.9799999999996,,
ORTHOTIC PROCEDURES,L3003,TOTAL,61,6112,4736.9799999999996,,
ORTHOTIC PROCEDURES,L3010,,4820,750642.05,578197.36,,
ORTHOTIC PROCEDURES,L3010,TOTAL,4820,750642.05,578197.36,,
ORTHOTIC PROCEDURES,L3020,,14980,2752162.62,2123886.94,,
ORTHOTIC PROCEDURES,L3020,TOTAL,14980,2752162.62,2123886.94,,
ORTHOTIC PROCEDURES,L3030,,4025,278782.06,212936.38,,
ORTHOTIC PROCEDURES,L3030,TOTAL,4025,278782.06,212936.38,,
ORTHOTIC PROCEDURES,L3031,,825,82410.22,62704.67,,
ORTHOTIC PROCEDURES,L3031,TOTAL,825,82410.22,62704.67,,
ORTHOTIC PROCEDURES,L3040,,4817,176910.29,132841.18,,
ORTHOTIC PROCEDURES,L3040,TOTAL,4817,176910.29,132841.18,,
ORTHOTIC PROCEDURES,L3050,,871,29911.03,22522.28,,
ORTHOTIC PROCEDURES,L3050,TOTAL,871,29911.03,22522.28,,
ORTHOTIC PROCEDURES,L3060,,3798,218168.02,166913.15,,
ORTHOTIC PROCEDURES,L3060,TOTAL,3798,218168.02,166913.15,,
ORTHOTIC PROCEDURES,L3070,,904,27296.78,21357.15,,
ORTHOTIC PROCEDURES,L3070,TOTAL,904,27296.78,21357.15,,
ORTHOTIC PROCEDURES,L3080,,431,10710.64,8026.72,,
ORTHOTIC PROCEDURES,L3080,TOTAL,431,10710.64,8026.72,,
ORTHOTIC PROCEDURES,L3090,,174,2831.36,2162.98,,
ORTHOTIC PROCEDURES,L3090,TOTAL,174,2831.36,2162.98,,
ORTHOTIC PROCEDURES,L3100,,2160,81599.3,62690.12,,
ORTHOTIC PROCEDURES,L3100,TOTAL,2160,81599.3,62690.12,,
ORTHOTIC PROCEDURES,L3150,,N/A,78.34,61.42,,
ORTHOTIC PROCEDURES,L3150,TOTAL,N/A,78.34,61.42,,
ORTHOTIC PROCEDURES,L3160,,N/A,243.77,191.13,,
ORTHOTIC PROCEDURES,L3160,TOTAL,N/A,243.77,191.13,,
ORTHOTIC PROCEDURES,L3170,,4175,188938.28,145091.81,,
ORTHOTIC PROCEDURES,L3170,TOTAL,4175,188938.28,145091.81,,
ORTHOTIC PROCEDURES,L3201,,N/A,0,0,,
ORTHOTIC PROCEDURES,L3201,TOTAL,N/A,0,0,,
ORTHOTIC PROCEDURES,L3202,,N/A,0,0,,
ORTHOTIC PROCEDURES,L3202,TOTAL,N/A,0,0,,
ORTHOTIC PROCEDURES,L3203,,N/A,0,0,,
ORTHOTIC PROCEDURES,L3203,TOTAL,N/A,0,0,,
ORTHOTIC PROCEDURES,L3206,,N/A,0,0,,
ORTHOTIC PROCEDURES,L3206,TOTAL,N/A,0,0,,
ORTHOTIC PROCEDURES,L3207,,N/A,0,0,,
ORTHOTIC PROCEDURES,L3207,TOTAL,N/A,0,0,,
ORTHOTIC PROCEDURES,L3208,,N/A,0,0,,
ORTHOTIC PROCEDURES,L3208,TOTAL,N/A,0,0,,
ORTHOTIC PROCEDURES,L3209,,N/A,0,0,,
ORTHOTIC PROCEDURES,L3209,TOTAL,N/A,0,0,,
ORTHOTIC PROCEDURES,L3211,,N/A,0,0,,
ORTHOTIC PROCEDURES,L3211,TOTAL,N/A,0,0,,
ORTHOTIC PROCEDURES,L3213,,N/A,0,0,,
ORTHOTIC PROCEDURES,L3213,TOTAL,N/A,0,0,,
ORTHOTIC PROCEDURES,L3214,,N/A,0,0,,
ORTHOTIC PROCEDURES,L3214,TOTAL,N/A,0,0,,
ORTHOTIC PROCEDURES,L3215,,N/A,0,0,,
ORTHOTIC PROCEDURES,L3215,TOTAL,N/A,0,0,,
ORTHOTIC PROCEDURES,L3216,,N/A,0,0,,
ORTHOTIC PROCEDURES,L3216,TOTAL,N/A,0,0,,
ORTHOTIC PROCEDURES,L3217,,N/A,0,0,,
ORTHOTIC PROCEDURES,L3217,TOTAL,N/A,0,0,,
ORTHOTIC PROCEDURES,L3219,,N/A,0,0,,
ORTHOTIC PROCEDURES,L3219,TOTAL,N/A,0,0,,
ORTHOTIC PROCEDURES,L3221,,N/A,0,0,,
ORTHOTIC PROCEDURES,L3221,TOTAL,N/A,0,0,,
ORTHOTIC PROCEDURES,L3222,,N/A,0,0,,
ORTHOTIC PROCEDURES,L3222,TOTAL,N/A,0,0,,
ORTHOTIC PROCEDURES,L3224,,2631,154226.35,117159.45,,
ORTHOTIC PROCEDURES,L3224,TOTAL,2631,154226.35,117159.45,,
ORTHOTIC PROCEDURES,L3225,,2466,163093.06,124653.64,,
ORTHOTIC PROCEDURES,L3225,TOTAL,2466,163093.06,124653.64,,
ORTHOTIC PROCEDURES,L3230,,N/A,389.3,305.20999999999998,,
ORTHOTIC PROCEDURES,L3230,TOTAL,N/A,389.3,305.20999999999998,,
ORTHOTIC PROCEDURES,L3250,,23,5992.13,4697.82,,
ORTHOTIC PROCEDURES,L3250,TOTAL,23,5992.13,4697.82,,
ORTHOTIC PROCEDURES,L3251,,N/A,0,0,,
ORTHOTIC PROCEDURES,L3251,TOTAL,N/A,0,0,,
ORTHOTIC PROCEDURES,L3252,,N/A,0,0,,
ORTHOTIC PROCEDURES,L3252,TOTAL,N/A,0,0,,
ORTHOTIC PROCEDURES,L3253,,N/A,0,0,,
ORTHOTIC PROCEDURES,L3253,TOTAL,N/A,0,0,,
ORTHOTIC PROCEDURES,L3254,,N/A,0,0,,
ORTHOTIC PROCEDURES,L3254,TOTAL,N/A,0,0,,
ORTHOTIC PROCEDURES,L3255,,N/A,0,0,,
ORTHOTIC PROCEDURES,L3255,TOTAL,N/A,0,0,,
ORTHOTIC PROCEDURES,L3257,,N/A,0,0,,
ORTHOTIC PROCEDURES,L3257,TOTAL,N/A,0,0,,
ORTHOTIC PROCEDURES,L3260,,N/A,0.02,0.02,,
ORTHOTIC PROCEDURES,L3260,TOTAL,N/A,0.02,0.02,,
ORTHOTIC PROCEDURES,L3265,,N/A,0,0,,
ORTHOTIC PROCEDURES,L3265,TOTAL,N/A,0,0,,
ORTHOTIC PROCEDURES,L3300,,1038,45706.62,35172.6,,
ORTHOTIC PROCEDURES,L3300,TOTAL,1038,45706.62,35172.6,,
ORTHOTIC PROCEDURES,L3310,,2820,202425.33,154141.42000000001,,
ORTHOTIC PROCEDURES,L3310,TOTAL,2820,202425.33,154141.42000000001,,
ORTHOTIC PROCEDURES,L3320,,140,9690.9,7376.49,,
ORTHOTIC PROCEDURES,L3320,TOTAL,140,9690.9,7376.49,,
ORTHOTIC PROCEDURES,L3330,,28,7144.6,5601.37,,
ORTHOTIC PROCEDURES,L3330,TOTAL,28,7144.6,5601.37,,
ORTHOTIC PROCEDURES,L3332,,2848,144281.87,110062.56,,
ORTHOTIC PROCEDURES,L3332,TOTAL,2848,144281.87,110062.56,,
ORTHOTIC PROCEDURES,L3334,,882,30571.279999999999,23560.67,,
ORTHOTIC PROCEDURES,L3334,TOTAL,882,30571.279999999999,23560.67,,
ORTHOTIC PROCEDURES,L3340,,103,8076.99,6332.3,,
ORTHOTIC PROCEDURES,L3340,TOTAL,103,8076.99,6332.3,,
ORTHOTIC PROCEDURES,L3350,,1887,37406.400000000001,28206.99,,
ORTHOTIC PROCEDURES,L3350,TOTAL,1887,37406.400000000001,28206.99,,
ORTHOTIC PROCEDURES,L3360,,213,7189.08,5440.54,,
ORTHOTIC PROCEDURES,L3360,TOTAL,213,7189.08,5440.54,,
ORTHOTIC PROCEDURES,L3370,,157,7281.35,5505.97,,
ORTHOTIC PROCEDURES,L3370,TOTAL,157,7281.35,5505.97,,
ORTHOTIC PROCEDURES,L3380,,23,1079.3499999999999,840.03,,
ORTHOTIC PROCEDURES,L3380,TOTAL,23,1079.3499999999999,840.03,,
ORTHOTIC PROCEDURES,L3390,,580,27060.22,20569.259999999998,,
ORTHOTIC PROCEDURES,L3390,TOTAL,580,27060.22,20569.259999999998,,
ORTHOTIC PROCEDURES,L3400,,1045,39395.839999999997,30267.57,,
ORTHOTIC PROCEDURES,L3400,TOTAL,1045,39395.839999999997,30267.57,,
ORTHOTIC PROCEDURES,L3410,,343,29400.87,22846.77,,
ORTHOTIC PROCEDURES,L3410,TOTAL,343,29400.87,22846.77,,
ORTHOTIC PROCEDURES,L3420,,307,15328.07,11698.86,,
ORTHOTIC PROCEDURES,L3420,TOTAL,307,15328.07,11698.86,,
ORTHOTIC PROCEDURES,L3430,,184,25617.41,20053.52,,
ORTHOTIC PROCEDURES,L3430,TOTAL,184,25617.41,20053.52,,
ORTHOTIC PROCEDURES,L3440,,185,13403.73,10398.44,,
ORTHOTIC PROCEDURES,L3440,TOTAL,185,13403.73,10398.44,,
ORTHOTIC PROCEDURES,L3450,,270,25985.67,20311.04,,
ORTHOTIC PROCEDURES,L3450,TOTAL,270,25985.67,20311.04,,
ORTHOTIC PROCEDURES,L3455,,N/A,36,28.24,,
ORTHOTIC PROCEDURES,L3455,TOTAL,N/A,36,28.24,,
ORTHOTIC PROCEDURES,L3460,,218,6398.5,4875.8999999999996,,
ORTHOTIC PROCEDURES,L3460,TOTAL,218,6398.5,4875.8999999999996,,
ORTHOTIC PROCEDURES,L3465,,15,675.64,488,,
ORTHOTIC PROCEDURES,L3465,TOTAL,15,675.64,488,,
ORTHOTIC PROCEDURES,L3470,,30,1396.94,932.94,,
ORTHOTIC PROCEDURES,L3470,TOTAL,30,1396.94,932.94,,
ORTHOTIC PROCEDURES,L3480,,1341,69647.23,53390.45,,
ORTHOTIC PROCEDURES,L3480,TOTAL,1341,69647.23,53390.45,,
ORTHOTIC PROCEDURES,L3485,,686,18239.11,14005.79,,
ORTHOTIC PROCEDURES,L3485,TOTAL,686,18239.11,14005.79,,
ORTHOTIC PROCEDURES,L3500,,22,608.05999999999995,476.69,,
ORTHOTIC PROCEDURES,L3500,TOTAL,22,608.05999999999995,476.69,,
ORTHOTIC PROCEDURES,L3510,,147,4000.96,2917.71,,
ORTHOTIC PROCEDURES,L3510,TOTAL,147,4000.96,2917.71,,
ORTHOTIC PROCEDURES,L3520,,34,965.06,732.55,,
ORTHOTIC PROCEDURES,L3520,TOTAL,34,965.06,732.55,,
ORTHOTIC PROCEDURES,L3530,,69,2027.67,1550.82,,
ORTHOTIC PROCEDURES,L3530,TOTAL,69,2027.67,1550.82,,
ORTHOTIC PROCEDURES,L3540,,577,26276.41,19293.43,,
ORTHOTIC PROCEDURES,L3540,TOTAL,577,26276.41,19293.43,,
ORTHOTIC PROCEDURES,L3550,,44,355.18,267.51,,
ORTHOTIC PROCEDURES,L3550,TOTAL,44,355.18,267.51,,
ORTHOTIC PROCEDURES,L3560,,17,345.66,271.02,,
ORTHOTIC PROCEDURES,L3560,TOTAL,17,345.66,271.02,,
ORTHOTIC PROCEDURES,L3570,,N/A,323.24,253.42,,
ORTHOTIC PROCEDURES,L3570,TOTAL,N/A,323.24,253.42,,
ORTHOTIC PROCEDURES,L3580,,362,20915.240000000002,16135.86,,
ORTHOTIC PROCEDURES,L3580,TOTAL,362,20915.240000000002,16135.86,,
ORTHOTIC PROCEDURES,L3590,,N/A,205.36,161.01,,
ORTHOTIC PROCEDURES,L3590,TOTAL,N/A,205.36,161.01,,
ORTHOTIC PROCEDURES,L3595,,19,759.38,595.36,,
ORTHOTIC PROCEDURES,L3595,TOTAL,19,759.38,595.36,,
ORTHOTIC PROCEDURES,L3600,,317,23052.85,16997.900000000001,,
ORTHOTIC PROCEDURES,L3600,TOTAL,317,23052.85,16997.900000000001,,
ORTHOTIC PROCEDURES,L3610,,785,74806.86,55742.46,,
ORTHOTIC PROCEDURES,L3610,TOTAL,785,74806.86,55742.46,,
ORTHOTIC PROCEDURES,L3620,,1476,106373.83,78774.41,,
ORTHOTIC PROCEDURES,L3620,TOTAL,1476,106373.83,78774.41,,
ORTHOTIC PROCEDURES,L3630,,829,78806.47,59196.57,,
ORTHOTIC PROCEDURES,L3630,TOTAL,829,78806.47,59196.57,,
ORTHOTIC PROCEDURES,L3640,,N/A,82.99,65.06,,
ORTHOTIC PROCEDURES,L3640,TOTAL,N/A,82.99,65.06,,
ORTHOTIC PROCEDURES,L3649,,232,44611.62,34831.370000000003,,
ORTHOTIC PROCEDURES,L3649,TOTAL,232,44611.62,34831.370000000003,,
ORTHOTIC PROCEDURES,L3650,,22998,1332934.6000000001,1012374.06,,
ORTHOTIC PROCEDURES,L3650,TOTAL,22998,1332934.6000000001,1012374.06,,
ORTHOTIC PROCEDURES,L3660,,30671,2859158.03,2194747.7599999998,,
ORTHOTIC PROCEDURES,L3660,TOTAL,30671,2859158.03,2194747.7599999998,,
ORTHOTIC PROCEDURES,L3670,,78894,8914698.2300000004,6834908.2300000004,,
ORTHOTIC PROCEDURES,L3670,TOTAL,78894,8914698.2300000004,6834908.2300000004,,
ORTHOTIC PROCEDURES,L3671,,412,164265.89000000001,127668.71,,
ORTHOTIC PROCEDURES,L3671,TOTAL,412,164265.89000000001,127668.71,,
ORTHOTIC PROCEDURES,L3674,,31,22384.55,17549.5,,
ORTHOTIC PROCEDURES,L3674,TOTAL,31,22384.55,17549.5,,
ORTHOTIC PROCEDURES,L3675,,1928,290138.64,222170.25,,
ORTHOTIC PROCEDURES,L3675,TOTAL,1928,290138.64,222170.25,,
ORTHOTIC PROCEDURES,L3677,,66,6692.73,5072.8500000000004,,
ORTHOTIC PROCEDURES,L3677,TOTAL,66,6692.73,5072.8500000000004,,
ORTHOTIC PROCEDURES,L3678,,N/A,1477.94,1158.69,,
ORTHOTIC PROCEDURES,L3678,TOTAL,N/A,1477.94,1158.69,,
ORTHOTIC PROCEDURES,L3702,,1869,387417.19,298722.92,,
ORTHOTIC PROCEDURES,L3702,TOTAL,1869,387417.19,298722.92,,
ORTHOTIC PROCEDURES,L3710,,1688,198336.26,151856.91,,
ORTHOTIC PROCEDURES,L3710,TOTAL,1688,198336.26,151856.91,,
ORTHOTIC PROCEDURES,L3720,,218,125761.25,97321.31,,
ORTHOTIC PROCEDURES,L3720,TOTAL,218,125761.25,97321.31,,
ORTHOTIC PROCEDURES,L3730,,221,196402.62,153031.89000000001,,
ORTHOTIC PROCEDURES,L3730,TOTAL,221,196402.62,153031.89000000001,,
ORTHOTIC PROCEDURES,L3740,,330,333943.65000000002,260346.22,,
ORTHOTIC PROCEDURES,L3740,TOTAL,330,333943.65000000002,260346.22,,
ORTHOTIC PROCEDURES,L3760,,12887,5434333.6200000001,4225638.49,,
ORTHOTIC PROCEDURES,L3760,TOTAL,12887,5434333.6200000001,4225638.49,,
ORTHOTIC PROCEDURES,L3762,,4235,376087,286873.21000000002,,
ORTHOTIC PROCEDURES,L3762,TOTAL,4235,376087,286873.21000000002,,
ORTHOTIC PROCEDURES,L3763,,1709,1011390.86,782708.67,,
ORTHOTIC PROCEDURES,L3763,TOTAL,1709,1011390.86,782708.67,,
ORTHOTIC PROCEDURES,L3764,,101,43037.65,33229.54,,
ORTHOTIC PROCEDURES,L3764,TOTAL,101,43037.65,33229.54,,
ORTHOTIC PROCEDURES,L3765,,84,82636.19,64340.06,,
ORTHOTIC PROCEDURES,L3765,TOTAL,84,82636.19,64340.06,,
ORTHOTIC PROCEDURES,L3766,,312,363087.81,283700.47999999998,,
ORTHOTIC PROCEDURES,L3766,TOTAL,312,363087.81,283700.47999999998,,
ORTHOTIC PROCEDURES,L3806,,1254,461285.82,357192.1,,
ORTHOTIC PROCEDURES,L3806,TOTAL,1254,461285.82,357192.1,,
ORTHOTIC PROCEDURES,L3807,,55974,10916151.99,8386744.4699999997,,
ORTHOTIC PROCEDURES,L3807,TOTAL,55974,10916151.99,8386744.4699999997,,
ORTHOTIC PROCEDURES,L3808,,19283,5477475.3099999996,4230963.71,,
ORTHOTIC PROCEDURES,L3808,TOTAL,19283,5477475.3099999996,4230963.71,,
ORTHOTIC PROCEDURES,L3809,,57898,11198526.17,8655421.6199999992,,
ORTHOTIC PROCEDURES,L3809,TOTAL,57898,11198526.17,8655421.6199999992,,
ORTHOTIC PROCEDURES,L3891,,N/A,0,0,,
ORTHOTIC PROCEDURES,L3891,TOTAL,N/A,0,0,,
ORTHOTIC PROCEDURES,L3900,,446,562205.56999999995,437631.79,,
ORTHOTIC PROCEDURES,L3900,TOTAL,446,562205.56999999995,437631.79,,
ORTHOTIC PROCEDURES,L3901,,48,73024.56,56436.17,,
ORTHOTIC PROCEDURES,L3901,TOTAL,48,73024.56,56436.17,,
ORTHOTIC PROCEDURES,L3904,,N/A,8252.32,6469.83,,
ORTHOTIC PROCEDURES,L3904,TOTAL,N/A,8252.32,6469.83,,
ORTHOTIC PROCEDURES,L3905,,502,355671.68,273629.40999999997,,
ORTHOTIC PROCEDURES,L3905,TOTAL,502,355671.68,273629.40999999997,,
ORTHOTIC PROCEDURES,L3906,,13049,4730539.58,3666020.93,,
ORTHOTIC PROCEDURES,L3906,TOTAL,13049,4730539.58,3666020.93,,
ORTHOTIC PROCEDURES,L3908,,284209,16175906.859999999,12193094,,
ORTHOTIC PROCEDURES,L3908,TOTAL,284209,16175906.859999999,12193094,,
ORTHOTIC PROCEDURES,L3912,,1147,90996.32,69894.080000000002,,
ORTHOTIC PROCEDURES,L3912,TOTAL,1147,90996.32,69894.080000000002,,
ORTHOTIC PROCEDURES,L3913,,17927,3991783.72,3083045.81,,
ORTHOTIC PROCEDURES,L3913,TOTAL,17927,3991783.72,3083045.81,,
ORTHOTIC PROCEDURES,L3915,,776,313318.26,241174.37,,
ORTHOTIC PROCEDURES,L3915,TOTAL,776,313318.26,241174.37,,
ORTHOTIC PROCEDURES,L3916,,3626,1636206.83,1280549.57,,
ORTHOTIC PROCEDURES,L3916,TOTAL,3626,1636206.83,1280549.57,,
ORTHOTIC PROCEDURES,L3917,,658,58165.14,44301.46,,
ORTHOTIC PROCEDURES,L3917,TOTAL,658,58165.14,44301.46,,
ORTHOTIC PROCEDURES,L3918,,244,22186,17113.13,,
ORTHOTIC PROCEDURES,L3918,TOTAL,244,22186,17113.13,,
ORTHOTIC PROCEDURES,L3919,,2177,474381.06,365131.2,,
ORTHOTIC PROCEDURES,L3919,TOTAL,2177,474381.06,365131.2,,
ORTHOTIC PROCEDURES,L3921,,791,196667.9,152365.9,,
ORTHOTIC PROCEDURES,L3921,TOTAL,791,196667.9,152365.9,,
ORTHOTIC PROCEDURES,L3923,,22619,1639486.89,1242131.81,,
ORTHOTIC PROCEDURES,L3923,TOTAL,22619,1639486.89,1242131.81,,
ORTHOTIC PROCEDURES,L3924,,15046,1157786.1499999999,879479.94,,
ORTHOTIC PROCEDURES,L3924,TOTAL,15046,1157786.1499999999,879479.94,,
ORTHOTIC PROCEDURES,L3925,,3725,161666.09,122866.41,,
ORTHOTIC PROCEDURES,L3925,TOTAL,3725,161666.09,122866.41,,
ORTHOTIC PROCEDURES,L3927,,3161,83977.33,62737.49,,
ORTHOTIC PROCEDURES,L3927,TOTAL,3161,83977.33,62737.49,,
ORTHOTIC PROCEDURES,L3929,,1324,79885.490000000005,61245.82,,
ORTHOTIC PROCEDURES,L3929,TOTAL,1324,79885.490000000005,61245.82,,
ORTHOTIC PROCEDURES,L3930,,115,7247.77,5255.98,,
ORTHOTIC PROCEDURES,L3930,TOTAL,115,7247.77,5255.98,,
ORTHOTIC PROCEDURES,L3931,,1963,260020.1,198842.77,,
ORTHOTIC PROCEDURES,L3931,TOTAL,1963,260020.1,198842.77,,
ORTHOTIC PROCEDURES,L3933,,11267,1809371.84,1389207.76,,
ORTHOTIC PROCEDURES,L3933,TOTAL,11267,1809371.84,1389207.76,,
ORTHOTIC PROCEDURES,L3935,,763,116302.07,90446.080000000002,,
ORTHOTIC PROCEDURES,L3935,TOTAL,763,116302.07,90446.080000000002,,
ORTHOTIC PROCEDURES,L3956,,29,4312.95,3381.35,,
ORTHOTIC PROCEDURES,L3956,TOTAL,29,4312.95,3381.35,,
ORTHOTIC PROCEDURES,L3960,,17199,12154970.75,9466597.3900000006,,
ORTHOTIC PROCEDURES,L3960,TOTAL,17199,12154970.75,9466597.3900000006,,
ORTHOTIC PROCEDURES,L3961,,12,7239.78,5607.67,,
ORTHOTIC PROCEDURES,L3961,TOTAL,12,7239.78,5607.67,,
ORTHOTIC PROCEDURES,L3962,,133,70333.100000000006,52458.06,,
ORTHOTIC PROCEDURES,L3962,TOTAL,133,70333.100000000006,52458.06,,
ORTHOTIC PROCEDURES,L3967,,N/A,6886.36,5398.92,,
ORTHOTIC PROCEDURES,L3967,TOTAL,N/A,6886.36,5398.92,,
ORTHOTIC PROCEDURES,L3971,,N/A,14489.94,11360.16,,
ORTHOTIC PROCEDURES,L3971,TOTAL,N/A,14489.94,11360.16,,
ORTHOTIC PROCEDURES,L3973,,16,27282.17,19703.93,,
ORTHOTIC PROCEDURES,L3973,TOTAL,16,27282.17,19703.93,,
ORTHOTIC PROCEDURES,L3975,,N/A,150,117.6,,
ORTHOTIC PROCEDURES,L3975,TOTAL,N/A,150,117.6,,
ORTHOTIC PROCEDURES,L3977,,N/A,11376.35,8919.0499999999993,,
ORTHOTIC PROCEDURES,L3977,TOTAL,N/A,11376.35,8919.0499999999993,,
ORTHOTIC PROCEDURES,L3980,,4072,1214912.6100000001,939666.4,,
ORTHOTIC PROCEDURES,L3980,TOTAL,4072,1214912.6100000001,939666.4,,
ORTHOTIC PROCEDURES,L3981,,176,118980.19,92523.45,,
ORTHOTIC PROCEDURES,L3981,TOTAL,176,118980.19,92523.45,,
ORTHOTIC PROCEDURES,L3982,,4350,1480399.7,1142964.8400000001,,
ORTHOTIC PROCEDURES,L3982,TOTAL,4350,1480399.7,1142964.8400000001,,
ORTHOTIC PROCEDURES,L3984,,7916,2527530.42,1953737.29,,
ORTHOTIC PROCEDURES,L3984,TOTAL,7916,2527530.42,1953737.29,,
ORTHOTIC PROCEDURES,L3995,,5979,199598.48,155558.17000000001,,
ORTHOTIC PROCEDURES,L3995,TOTAL,5979,199598.48,155558.17000000001,,
ORTHOTIC PROCEDURES,L3999,,220,82771.789999999994,64806.12,,
ORTHOTIC PROCEDURES,L3999,TOTAL,220,82771.789999999994,64806.12,,
ORTHOTIC PROCEDURES,L4000,,N/A,1205.94,945.46,,
ORTHOTIC PROCEDURES,L4000,TOTAL,N/A,1205.94,945.46,,
ORTHOTIC PROCEDURES,L4002,,15364,398181.14,290085.87,,
ORTHOTIC PROCEDURES,L4002,TOTAL,15364,398181.14,290085.87,,
ORTHOTIC PROCEDURES,L4010,,N/A,768.77,597.82000000000005,,
ORTHOTIC PROCEDURES,L4010,TOTAL,N/A,768.77,597.82000000000005,,
ORTHOTIC PROCEDURES,L4020,,N/A,0,0,,
ORTHOTIC PROCEDURES,L4020,TOTAL,N/A,0,0,,
ORTHOTIC PROCEDURES,L4040,,N/A,3802.4,2917.82,,
ORTHOTIC PROCEDURES,L4040,TOTAL,N/A,3802.4,2917.82,,
ORTHOTIC PROCEDURES,L4045,,31,9237.7999999999993,7082.66,,
ORTHOTIC PROCEDURES,L4045,TOTAL,31,9237.7999999999993,7082.66,,
ORTHOTIC PROCEDURES,L4050,,32,12776.53,9999.66,,
ORTHOTIC PROCEDURES,L4050,TOTAL,32,12776.53,9999.66,,
ORTHOTIC PROCEDURES,L4055,,47,11286.8,8656.9599999999991,,
ORTHOTIC PROCEDURES,L4055,TOTAL,47,11286.8,8656.9599999999991,,
ORTHOTIC PROCEDURES,L4060,,53,16072.86,12408.83,,
ORTHOTIC PROCEDURES,L4060,TOTAL,53,16072.86,12408.83,,
ORTHOTIC PROCEDURES,L4070,,153,41984.480000000003,31682.2,,
ORTHOTIC PROCEDURES,L4070,TOTAL,153,41984.480000000003,31682.2,,
ORTHOTIC PROCEDURES,L4080,,48,4708.82,3617.25,,
ORTHOTIC PROCEDURES,L4080,TOTAL,48,4708.82,3617.25,,
ORTHOTIC PROCEDURES,L4090,,136,11791.92,9014.1,,
ORTHOTIC PROCEDURES,L4090,TOTAL,136,11791.92,9014.1,,
ORTHOTIC PROCEDURES,L4100,,163,16536.599999999999,12260.87,,
ORTHOTIC PROCEDURES,L4100,TOTAL,163,16536.599999999999,12260.87,,
ORTHOTIC PROCEDURES,L4110,,742,61158.01,46517.63,,
ORTHOTIC PROCEDURES,L4110,TOTAL,742,61158.01,46517.63,,
ORTHOTIC PROCEDURES,L4130,,11,5578.08,4373.22,,
ORTHOTIC PROCEDURES,L4130,TOTAL,11,5578.08,4373.22,,
ORTHOTIC PROCEDURES,L4205,,39752,917452.16,673498.62,,
ORTHOTIC PROCEDURES,L4205,TOTAL,39752,917452.16,673498.62,,
ORTHOTIC PROCEDURES,L4210,,6982,242670.78,182816.76,,
ORTHOTIC PROCEDURES,L4210,TOTAL,6982,242670.78,182816.76,,
ORTHOTIC PROCEDURES,L4350,,35262,3107599.18,2360247.25,,
ORTHOTIC PROCEDURES,L4350,TOTAL,35262,3107599.18,2360247.25,,
ORTHOTIC PROCEDURES,L4360,,102070,26516311.120000001,20404342.140000001,,
ORTHOTIC PROCEDURES,L4360,TOTAL,102070,26516311.120000001,20404342.140000001,,
ORTHOTIC PROCEDURES,L4361,,93194,24780099.390000001,19153068.190000001,,
ORTHOTIC PROCEDURES,L4361,TOTAL,93194,24780099.390000001,19153068.190000001,,
ORTHOTIC PROCEDURES,L4370,,492,88311.98,68034.100000000006,,
ORTHOTIC PROCEDURES,L4370,TOTAL,492,88311.98,68034.100000000006,,
ORTHOTIC PROCEDURES,L4380,,N/A,0,0,,
ORTHOTIC PROCEDURES,L4380,TOTAL,N/A,0,0,,
ORTHOTIC PROCEDURES,L4386,,34871,5090014.43,3881154.79,,
ORTHOTIC PROCEDURES,L4386,TOTAL,34871,5090014.43,3881154.79,,
ORTHOTIC PROCEDURES,L4387,,19585,2866912.22,2201048.7599999998,,
ORTHOTIC PROCEDURES,L4387,TOTAL,19585,2866912.22,2201048.7599999998,,
ORTHOTIC PROCEDURES,L4392,,27,593.71,465.47,,
ORTHOTIC PROCEDURES,L4392,TOTAL,27,593.71,465.47,,
ORTHOTIC PROCEDURES,L4394,,N/A,0,0,,
ORTHOTIC PROCEDURES,L4394,TOTAL,N/A,0,0,,
ORTHOTIC PROCEDURES,L4396,,39417,6170125.1600000001,4738034.08,,
ORTHOTIC PROCEDURES,L4396,TOTAL,39417,6170125.1600000001,4738034.08,,
ORTHOTIC PROCEDURES,L4397,,13746,2158944.77,1662375.58,,
ORTHOTIC PROCEDURES,L4397,TOTAL,13746,2158944.77,1662375.58,,
ORTHOTIC PROCEDURES,L4398,,403,29101.59,21923.54,,
ORTHOTIC PROCEDURES,L4398,TOTAL,403,29101.59,21923.54,,
ORTHOTIC PROCEDURES,L4631,,2636,3912760.43,3028360.71,,
ORTHOTIC PROCEDURES,L4631,TOTAL,2636,3912760.43,3028360.71,,
"
N/A means that the data cannot be disclosed due to Privacy rules.",,,,,,,
