CPT only copyright 2014 American Medical Association. All rights reserved.,,,,,,
"""2014 Part B National Summary Data File
Code Range: 14) Dental Procedures (D0000 - D9999)"" ",,,,,,
This data table begins with column headers on row 5 and data cells are A-6 through F-841,,,,,,
DESCRIPTION,HCPCS,MODIFIER,ALLOWED SERVICES,ALLOWED CHARGES,PAYMENT,
DENTAL PROCEDURES,D0120,,N/A,0,0,
DENTAL PROCEDURES,D0120,TOTAL,N/A,0,0,
DENTAL PROCEDURES,D0140,,N/A,87.37,68.5,
DENTAL PROCEDURES,D0140,TOTAL,N/A,87.37,68.5,
DENTAL PROCEDURES,D0145,,N/A,0,0,
DENTAL PROCEDURES,D0145,TOTAL,N/A,0,0,
DENTAL PROCEDURES,D0150,,29,1631.43,1279.04,
DENTAL PROCEDURES,D0150,TOTAL,29,1631.43,1279.04,
DENTAL PROCEDURES,D0160,,N/A,0,0,
DENTAL PROCEDURES,D0160,TOTAL,N/A,0,0,
DENTAL PROCEDURES,D0170,,N/A,0,0,
DENTAL PROCEDURES,D0170,TOTAL,N/A,0,0,
DENTAL PROCEDURES,D0180,,N/A,0,0,
DENTAL PROCEDURES,D0180,TOTAL,N/A,0,0,
DENTAL PROCEDURES,D0190,,N/A,0,0,
DENTAL PROCEDURES,D0190,TOTAL,N/A,0,0,
DENTAL PROCEDURES,D0191,,N/A,0,0,
DENTAL PROCEDURES,D0191,TOTAL,N/A,0,0,
DENTAL PROCEDURES,D0210,,N/A,0,0,
DENTAL PROCEDURES,D0210,TOTAL,N/A,0,0,
DENTAL PROCEDURES,D0220,,N/A,0,0,
DENTAL PROCEDURES,D0220,TOTAL,N/A,0,0,
DENTAL PROCEDURES,D0230,,N/A,0,0,
DENTAL PROCEDURES,D0230,TOTAL,N/A,0,0,
DENTAL PROCEDURES,D0240,,N/A,0,0,
DENTAL PROCEDURES,D0240,TOTAL,N/A,0,0,
DENTAL PROCEDURES,D0250,,N/A,0,0,
DENTAL PROCEDURES,D0250,TOTAL,N/A,0,0,
DENTAL PROCEDURES,D0260,,N/A,0,0,
DENTAL PROCEDURES,D0260,TOTAL,N/A,0,0,
DENTAL PROCEDURES,D0270,,N/A,0,0,
DENTAL PROCEDURES,D0270,TOTAL,N/A,0,0,
DENTAL PROCEDURES,D0272,,N/A,0,0,
DENTAL PROCEDURES,D0272,TOTAL,N/A,0,0,
DENTAL PROCEDURES,D0273,,N/A,0,0,
DENTAL PROCEDURES,D0273,TOTAL,N/A,0,0,
DENTAL PROCEDURES,D0274,,N/A,0,0,
DENTAL PROCEDURES,D0274,TOTAL,N/A,0,0,
DENTAL PROCEDURES,D0277,,N/A,0,0,
DENTAL PROCEDURES,D0277,TOTAL,N/A,0,0,
DENTAL PROCEDURES,D0290,,N/A,0,0,
DENTAL PROCEDURES,D0290,TOTAL,N/A,0,0,
DENTAL PROCEDURES,D0310,,N/A,0,0,
DENTAL PROCEDURES,D0310,TOTAL,N/A,0,0,
DENTAL PROCEDURES,D0320,,N/A,0,0,
DENTAL PROCEDURES,D0320,TOTAL,N/A,0,0,
DENTAL PROCEDURES,D0321,,N/A,0,0,
DENTAL PROCEDURES,D0321,TOTAL,N/A,0,0,
DENTAL PROCEDURES,D0322,,N/A,0,0,
DENTAL PROCEDURES,D0322,TOTAL,N/A,0,0,
DENTAL PROCEDURES,D0330,,N/A,0,0,
DENTAL PROCEDURES,D0330,TOTAL,N/A,0,0,
DENTAL PROCEDURES,D0340,,N/A,0,0,
DENTAL PROCEDURES,D0340,TOTAL,N/A,0,0,
DENTAL PROCEDURES,D0350,,N/A,0,0,
DENTAL PROCEDURES,D0350,TOTAL,N/A,0,0,
DENTAL PROCEDURES,D0360,,N/A,0,0,
DENTAL PROCEDURES,D0360,TOTAL,N/A,0,0,
DENTAL PROCEDURES,D0362,,N/A,0,0,
DENTAL PROCEDURES,D0362,TOTAL,N/A,0,0,
DENTAL PROCEDURES,D0363,,N/A,0,0,
DENTAL PROCEDURES,D0363,TOTAL,N/A,0,0,
DENTAL PROCEDURES,D0364,,N/A,0,0,
DENTAL PROCEDURES,D0364,TOTAL,N/A,0,0,
DENTAL PROCEDURES,D0365,,N/A,0,0,
DENTAL PROCEDURES,D0365,TOTAL,N/A,0,0,
DENTAL PROCEDURES,D0366,,N/A,0,0,
DENTAL PROCEDURES,D0366,TOTAL,N/A,0,0,
DENTAL PROCEDURES,D0367,,N/A,0,0,
DENTAL PROCEDURES,D0367,TOTAL,N/A,0,0,
DENTAL PROCEDURES,D0368,,N/A,0,0,
DENTAL PROCEDURES,D0368,TOTAL,N/A,0,0,
DENTAL PROCEDURES,D0369,,N/A,0,0,
DENTAL PROCEDURES,D0369,TOTAL,N/A,0,0,
DENTAL PROCEDURES,D0380,,N/A,0,0,
DENTAL PROCEDURES,D0380,TOTAL,N/A,0,0,
DENTAL PROCEDURES,D0381,,N/A,0,0,
DENTAL PROCEDURES,D0381,TOTAL,N/A,0,0,
DENTAL PROCEDURES,D0382,,N/A,0,0,
DENTAL PROCEDURES,D0382,TOTAL,N/A,0,0,
DENTAL PROCEDURES,D0383,,N/A,0,0,
DENTAL PROCEDURES,D0383,TOTAL,N/A,0,0,
DENTAL PROCEDURES,D0384,,N/A,0,0,
DENTAL PROCEDURES,D0384,TOTAL,N/A,0,0,
DENTAL PROCEDURES,D0385,,N/A,0,0,
DENTAL PROCEDURES,D0385,TOTAL,N/A,0,0,
DENTAL PROCEDURES,D0386,,N/A,0,0,
DENTAL PROCEDURES,D0386,TOTAL,N/A,0,0,
DENTAL PROCEDURES,D0391,,N/A,0,0,
DENTAL PROCEDURES,D0391,TOTAL,N/A,0,0,
DENTAL PROCEDURES,D0393,,N/A,0,0,
DENTAL PROCEDURES,D0393,TOTAL,N/A,0,0,
DENTAL PROCEDURES,D0395,,N/A,0,0,
DENTAL PROCEDURES,D0395,TOTAL,N/A,0,0,
DENTAL PROCEDURES,D0415,,N/A,0,0,
DENTAL PROCEDURES,D0415,TOTAL,N/A,0,0,
DENTAL PROCEDURES,D0416,,N/A,0,0,
DENTAL PROCEDURES,D0416,TOTAL,N/A,0,0,
DENTAL PROCEDURES,D0417,,N/A,0,0,
DENTAL PROCEDURES,D0417,TOTAL,N/A,0,0,
DENTAL PROCEDURES,D0418,,N/A,0,0,
DENTAL PROCEDURES,D0418,TOTAL,N/A,0,0,
DENTAL PROCEDURES,D0431,,N/A,0,0,
DENTAL PROCEDURES,D0431,TOTAL,N/A,0,0,
DENTAL PROCEDURES,D0460,,N/A,0,0,
DENTAL PROCEDURES,D0460,TOTAL,N/A,0,0,
DENTAL PROCEDURES,D0470,,N/A,0,0,
DENTAL PROCEDURES,D0470,TOTAL,N/A,0,0,
DENTAL PROCEDURES,D0472,,N/A,0,0,
DENTAL PROCEDURES,D0472,TOTAL,N/A,0,0,
DENTAL PROCEDURES,D0473,,N/A,0,0,
DENTAL PROCEDURES,D0473,TOTAL,N/A,0,0,
DENTAL PROCEDURES,D0474,,N/A,0,0,
DENTAL PROCEDURES,D0474,TOTAL,N/A,0,0,
DENTAL PROCEDURES,D0475,,N/A,0,0,
DENTAL PROCEDURES,D0475,TOTAL,N/A,0,0,
DENTAL PROCEDURES,D0477,,N/A,0,0,
DENTAL PROCEDURES,D0477,TOTAL,N/A,0,0,
DENTAL PROCEDURES,D0480,,N/A,0,0,
DENTAL PROCEDURES,D0480,TOTAL,N/A,0,0,
DENTAL PROCEDURES,D0486,,N/A,0,0,
DENTAL PROCEDURES,D0486,TOTAL,N/A,0,0,
DENTAL PROCEDURES,D0502,,N/A,0,0,
DENTAL PROCEDURES,D0502,TOTAL,N/A,0,0,
DENTAL PROCEDURES,D0601,,N/A,0,0,
DENTAL PROCEDURES,D0601,TOTAL,N/A,0,0,
DENTAL PROCEDURES,D0999,,N/A,0,0,
DENTAL PROCEDURES,D0999,TOTAL,N/A,0,0,
DENTAL PROCEDURES,D1110,,N/A,0,0,
DENTAL PROCEDURES,D1110,TOTAL,N/A,0,0,
DENTAL PROCEDURES,D1120,,N/A,0,0,
DENTAL PROCEDURES,D1120,TOTAL,N/A,0,0,
DENTAL PROCEDURES,D1204,,N/A,0,0,
DENTAL PROCEDURES,D1204,TOTAL,N/A,0,0,
DENTAL PROCEDURES,D1206,,N/A,0,0,
DENTAL PROCEDURES,D1206,TOTAL,N/A,0,0,
DENTAL PROCEDURES,D1208,,N/A,0,0,
DENTAL PROCEDURES,D1208,TOTAL,N/A,0,0,
DENTAL PROCEDURES,D1310,,N/A,0,0,
DENTAL PROCEDURES,D1310,TOTAL,N/A,0,0,
DENTAL PROCEDURES,D1320,,N/A,0,0,
DENTAL PROCEDURES,D1320,TOTAL,N/A,0,0,
DENTAL PROCEDURES,D1330,,N/A,0,0,
DENTAL PROCEDURES,D1330,TOTAL,N/A,0,0,
DENTAL PROCEDURES,D1999,,N/A,0,0,
DENTAL PROCEDURES,D1999,TOTAL,N/A,0,0,
DENTAL PROCEDURES,D2140,,N/A,0,0,
DENTAL PROCEDURES,D2140,TOTAL,N/A,0,0,
DENTAL PROCEDURES,D2150,,N/A,0,0,
DENTAL PROCEDURES,D2150,TOTAL,N/A,0,0,
DENTAL PROCEDURES,D2160,,N/A,0,0,
DENTAL PROCEDURES,D2160,TOTAL,N/A,0,0,
DENTAL PROCEDURES,D2161,,N/A,0,0,
DENTAL PROCEDURES,D2161,TOTAL,N/A,0,0,
DENTAL PROCEDURES,D2330,,N/A,0,0,
DENTAL PROCEDURES,D2330,TOTAL,N/A,0,0,
DENTAL PROCEDURES,D2331,,N/A,0,0,
DENTAL PROCEDURES,D2331,TOTAL,N/A,0,0,
DENTAL PROCEDURES,D2332,,N/A,0,0,
DENTAL PROCEDURES,D2332,TOTAL,N/A,0,0,
DENTAL PROCEDURES,D2335,,N/A,0,0,
DENTAL PROCEDURES,D2335,TOTAL,N/A,0,0,
DENTAL PROCEDURES,D2390,,N/A,0,0,
DENTAL PROCEDURES,D2390,TOTAL,N/A,0,0,
DENTAL PROCEDURES,D2391,,N/A,0,0,
DENTAL PROCEDURES,D2391,TOTAL,N/A,0,0,
DENTAL PROCEDURES,D2392,,N/A,0,0,
DENTAL PROCEDURES,D2392,TOTAL,N/A,0,0,
DENTAL PROCEDURES,D2393,,N/A,0,0,
DENTAL PROCEDURES,D2393,TOTAL,N/A,0,0,
DENTAL PROCEDURES,D2394,,N/A,0,0,
DENTAL PROCEDURES,D2394,TOTAL,N/A,0,0,
DENTAL PROCEDURES,D2510,,N/A,0,0,
DENTAL PROCEDURES,D2510,TOTAL,N/A,0,0,
DENTAL PROCEDURES,D2644,,N/A,0,0,
DENTAL PROCEDURES,D2644,TOTAL,N/A,0,0,
DENTAL PROCEDURES,D2651,,N/A,0,0,
DENTAL PROCEDURES,D2651,TOTAL,N/A,0,0,
DENTAL PROCEDURES,D2652,,N/A,0,0,
DENTAL PROCEDURES,D2652,TOTAL,N/A,0,0,
DENTAL PROCEDURES,D2710,,N/A,0,0,
DENTAL PROCEDURES,D2710,TOTAL,N/A,0,0,
DENTAL PROCEDURES,D2712,,N/A,0,0,
DENTAL PROCEDURES,D2712,TOTAL,N/A,0,0,
DENTAL PROCEDURES,D2720,,N/A,0,0,
DENTAL PROCEDURES,D2720,TOTAL,N/A,0,0,
DENTAL PROCEDURES,D2740,,N/A,0,0,
DENTAL PROCEDURES,D2740,TOTAL,N/A,0,0,
DENTAL PROCEDURES,D2750,,N/A,0,0,
DENTAL PROCEDURES,D2750,TOTAL,N/A,0,0,
DENTAL PROCEDURES,D2751,,N/A,0,0,
DENTAL PROCEDURES,D2751,TOTAL,N/A,0,0,
DENTAL PROCEDURES,D2752,,N/A,0,0,
DENTAL PROCEDURES,D2752,TOTAL,N/A,0,0,
DENTAL PROCEDURES,D2783,,N/A,0,0,
DENTAL PROCEDURES,D2783,TOTAL,N/A,0,0,
DENTAL PROCEDURES,D2790,,N/A,0,0,
DENTAL PROCEDURES,D2790,TOTAL,N/A,0,0,
DENTAL PROCEDURES,D2791,,N/A,0,0,
DENTAL PROCEDURES,D2791,TOTAL,N/A,0,0,
DENTAL PROCEDURES,D2799,,N/A,0,0,
DENTAL PROCEDURES,D2799,TOTAL,N/A,0,0,
DENTAL PROCEDURES,D2910,,N/A,0,0,
DENTAL PROCEDURES,D2910,TOTAL,N/A,0,0,
DENTAL PROCEDURES,D2915,,N/A,0,0,
DENTAL PROCEDURES,D2915,TOTAL,N/A,0,0,
DENTAL PROCEDURES,D2920,,N/A,0,0,
DENTAL PROCEDURES,D2920,TOTAL,N/A,0,0,
DENTAL PROCEDURES,D2930,,N/A,0,0,
DENTAL PROCEDURES,D2930,TOTAL,N/A,0,0,
DENTAL PROCEDURES,D2931,,N/A,0,0,
DENTAL PROCEDURES,D2931,TOTAL,N/A,0,0,
DENTAL PROCEDURES,D2932,,N/A,0,0,
DENTAL PROCEDURES,D2932,TOTAL,N/A,0,0,
DENTAL PROCEDURES,D2940,,N/A,0,0,
DENTAL PROCEDURES,D2940,TOTAL,N/A,0,0,
DENTAL PROCEDURES,D2941,,N/A,0,0,
DENTAL PROCEDURES,D2941,TOTAL,N/A,0,0,
DENTAL PROCEDURES,D2950,,N/A,0,0,
DENTAL PROCEDURES,D2950,TOTAL,N/A,0,0,
DENTAL PROCEDURES,D2951,,N/A,0,0,
DENTAL PROCEDURES,D2951,TOTAL,N/A,0,0,
DENTAL PROCEDURES,D2952,,N/A,0,0,
DENTAL PROCEDURES,D2952,TOTAL,N/A,0,0,
DENTAL PROCEDURES,D2954,,N/A,0,0,
DENTAL PROCEDURES,D2954,TOTAL,N/A,0,0,
DENTAL PROCEDURES,D2960,,N/A,0,0,
DENTAL PROCEDURES,D2960,TOTAL,N/A,0,0,
DENTAL PROCEDURES,D2962,,N/A,0,0,
DENTAL PROCEDURES,D2962,TOTAL,N/A,0,0,
DENTAL PROCEDURES,D2970,,N/A,0,0,
DENTAL PROCEDURES,D2970,TOTAL,N/A,0,0,
DENTAL PROCEDURES,D2971,,N/A,0,0,
DENTAL PROCEDURES,D2971,TOTAL,N/A,0,0,
DENTAL PROCEDURES,D2980,,N/A,0,0,
DENTAL PROCEDURES,D2980,TOTAL,N/A,0,0,
DENTAL PROCEDURES,D2983,,N/A,0,0,
DENTAL PROCEDURES,D2983,TOTAL,N/A,0,0,
DENTAL PROCEDURES,D2999,,N/A,0,0,
DENTAL PROCEDURES,D2999,TOTAL,N/A,0,0,
DENTAL PROCEDURES,D3110,,N/A,0,0,
DENTAL PROCEDURES,D3110,TOTAL,N/A,0,0,
DENTAL PROCEDURES,D3120,,N/A,0,0,
DENTAL PROCEDURES,D3120,TOTAL,N/A,0,0,
DENTAL PROCEDURES,D3220,,N/A,0,0,
DENTAL PROCEDURES,D3220,TOTAL,N/A,0,0,
DENTAL PROCEDURES,D3221,,N/A,0,0,
DENTAL PROCEDURES,D3221,TOTAL,N/A,0,0,
DENTAL PROCEDURES,D3230,,N/A,0,0,
DENTAL PROCEDURES,D3230,TOTAL,N/A,0,0,
DENTAL PROCEDURES,D3310,,N/A,0,0,
DENTAL PROCEDURES,D3310,TOTAL,N/A,0,0,
DENTAL PROCEDURES,D3320,,N/A,0,0,
DENTAL PROCEDURES,D3320,TOTAL,N/A,0,0,
DENTAL PROCEDURES,D3330,,N/A,0,0,
DENTAL PROCEDURES,D3330,TOTAL,N/A,0,0,
DENTAL PROCEDURES,D3331,,N/A,0,0,
DENTAL PROCEDURES,D3331,TOTAL,N/A,0,0,
DENTAL PROCEDURES,D3332,,N/A,0,0,
DENTAL PROCEDURES,D3332,TOTAL,N/A,0,0,
DENTAL PROCEDURES,D3333,,N/A,0,0,
DENTAL PROCEDURES,D3333,TOTAL,N/A,0,0,
DENTAL PROCEDURES,D3346,,N/A,0,0,
DENTAL PROCEDURES,D3346,TOTAL,N/A,0,0,
DENTAL PROCEDURES,D3348,,N/A,0,0,
DENTAL PROCEDURES,D3348,TOTAL,N/A,0,0,
DENTAL PROCEDURES,D3410,,N/A,0,0,
DENTAL PROCEDURES,D3410,TOTAL,N/A,0,0,
DENTAL PROCEDURES,D3421,,N/A,0,0,
DENTAL PROCEDURES,D3421,TOTAL,N/A,0,0,
DENTAL PROCEDURES,D3425,,N/A,0,0,
DENTAL PROCEDURES,D3425,TOTAL,N/A,0,0,
DENTAL PROCEDURES,D3426,,N/A,0,0,
DENTAL PROCEDURES,D3426,TOTAL,N/A,0,0,
DENTAL PROCEDURES,D3428,,N/A,0,0,
DENTAL PROCEDURES,D3428,TOTAL,N/A,0,0,
DENTAL PROCEDURES,D3429,,N/A,0,0,
DENTAL PROCEDURES,D3429,TOTAL,N/A,0,0,
DENTAL PROCEDURES,D3430,,N/A,0,0,
DENTAL PROCEDURES,D3430,TOTAL,N/A,0,0,
DENTAL PROCEDURES,D3432,,N/A,0,0,
DENTAL PROCEDURES,D3432,TOTAL,N/A,0,0,
DENTAL PROCEDURES,D3450,,N/A,0,0,
DENTAL PROCEDURES,D3450,TOTAL,N/A,0,0,
DENTAL PROCEDURES,D3460,,N/A,0,0,
DENTAL PROCEDURES,D3460,TOTAL,N/A,0,0,
DENTAL PROCEDURES,D3920,,N/A,0,0,
DENTAL PROCEDURES,D3920,TOTAL,N/A,0,0,
DENTAL PROCEDURES,D3999,,N/A,0,0,
DENTAL PROCEDURES,D3999,TOTAL,N/A,0,0,
DENTAL PROCEDURES,D4210,,N/A,0,0,
DENTAL PROCEDURES,D4210,TOTAL,N/A,0,0,
DENTAL PROCEDURES,D4211,,N/A,0,0,
DENTAL PROCEDURES,D4211,TOTAL,N/A,0,0,
DENTAL PROCEDURES,D4212,,N/A,0,0,
DENTAL PROCEDURES,D4212,TOTAL,N/A,0,0,
DENTAL PROCEDURES,D4240,,N/A,0,0,
DENTAL PROCEDURES,D4240,TOTAL,N/A,0,0,
DENTAL PROCEDURES,D4241,,N/A,0,0,
DENTAL PROCEDURES,D4241,TOTAL,N/A,0,0,
DENTAL PROCEDURES,D4245,,N/A,0,0,
DENTAL PROCEDURES,D4245,TOTAL,N/A,0,0,
DENTAL PROCEDURES,D4249,,N/A,0,0,
DENTAL PROCEDURES,D4249,TOTAL,N/A,0,0,
DENTAL PROCEDURES,D4260,,N/A,0,0,
DENTAL PROCEDURES,D4260,TOTAL,N/A,0,0,
DENTAL PROCEDURES,D4261,,N/A,0,0,
DENTAL PROCEDURES,D4261,TOTAL,N/A,0,0,
DENTAL PROCEDURES,D4263,,N/A,0,0,
DENTAL PROCEDURES,D4263,TOTAL,N/A,0,0,
DENTAL PROCEDURES,D4264,,N/A,0,0,
DENTAL PROCEDURES,D4264,TOTAL,N/A,0,0,
DENTAL PROCEDURES,D4265,,N/A,0,0,
DENTAL PROCEDURES,D4265,TOTAL,N/A,0,0,
DENTAL PROCEDURES,D4266,,N/A,0,0,
DENTAL PROCEDURES,D4266,TOTAL,N/A,0,0,
DENTAL PROCEDURES,D4267,,N/A,0,0,
DENTAL PROCEDURES,D4267,TOTAL,N/A,0,0,
DENTAL PROCEDURES,D4270,,N/A,0,0,
DENTAL PROCEDURES,D4270,TOTAL,N/A,0,0,
DENTAL PROCEDURES,D4271,,N/A,0,0,
DENTAL PROCEDURES,D4271,TOTAL,N/A,0,0,
DENTAL PROCEDURES,D4273,,N/A,0,0,
DENTAL PROCEDURES,D4273,TOTAL,N/A,0,0,
DENTAL PROCEDURES,D4274,,N/A,0,0,
DENTAL PROCEDURES,D4274,TOTAL,N/A,0,0,
DENTAL PROCEDURES,D4275,,N/A,0,0,
DENTAL PROCEDURES,D4275,TOTAL,N/A,0,0,
DENTAL PROCEDURES,D4277,,N/A,0,0,
DENTAL PROCEDURES,D4277,TOTAL,N/A,0,0,
DENTAL PROCEDURES,D4278,,N/A,0,0,
DENTAL PROCEDURES,D4278,TOTAL,N/A,0,0,
DENTAL PROCEDURES,D4320,,N/A,0,0,
DENTAL PROCEDURES,D4320,TOTAL,N/A,0,0,
DENTAL PROCEDURES,D4321,,N/A,0,0,
DENTAL PROCEDURES,D4321,TOTAL,N/A,0,0,
DENTAL PROCEDURES,D4341,,N/A,0,0,
DENTAL PROCEDURES,D4341,TOTAL,N/A,0,0,
DENTAL PROCEDURES,D4342,,N/A,0,0,
DENTAL PROCEDURES,D4342,TOTAL,N/A,0,0,
DENTAL PROCEDURES,D4355,,N/A,0,0,
DENTAL PROCEDURES,D4355,TOTAL,N/A,0,0,
DENTAL PROCEDURES,D4381,,N/A,0,0,
DENTAL PROCEDURES,D4381,TOTAL,N/A,0,0,
DENTAL PROCEDURES,D4910,,N/A,0,0,
DENTAL PROCEDURES,D4910,TOTAL,N/A,0,0,
DENTAL PROCEDURES,D4920,,N/A,0,0,
DENTAL PROCEDURES,D4920,TOTAL,N/A,0,0,
DENTAL PROCEDURES,D4921,,N/A,0,0,
DENTAL PROCEDURES,D4921,TOTAL,N/A,0,0,
DENTAL PROCEDURES,D4999,,N/A,0,0,
DENTAL PROCEDURES,D4999,TOTAL,N/A,0,0,
DENTAL PROCEDURES,D5110,,N/A,506,396.7,
DENTAL PROCEDURES,D5110,TOTAL,N/A,506,396.7,
DENTAL PROCEDURES,D5120,,N/A,455.4,357.03,
DENTAL PROCEDURES,D5120,TOTAL,N/A,455.4,357.03,
DENTAL PROCEDURES,D5130,,N/A,0,0,
DENTAL PROCEDURES,D5130,TOTAL,N/A,0,0,
DENTAL PROCEDURES,D5140,,N/A,0,0,
DENTAL PROCEDURES,D5140,TOTAL,N/A,0,0,
DENTAL PROCEDURES,D5211,,N/A,0,0,
DENTAL PROCEDURES,D5211,TOTAL,N/A,0,0,
DENTAL PROCEDURES,D5212,,N/A,0,0,
DENTAL PROCEDURES,D5212,TOTAL,N/A,0,0,
DENTAL PROCEDURES,D5213,,N/A,0,0,
DENTAL PROCEDURES,D5213,TOTAL,N/A,0,0,
DENTAL PROCEDURES,D5214,,N/A,0,0,
DENTAL PROCEDURES,D5214,TOTAL,N/A,0,0,
DENTAL PROCEDURES,D5225,,N/A,0,0,
DENTAL PROCEDURES,D5225,TOTAL,N/A,0,0,
DENTAL PROCEDURES,D5226,,N/A,0,0,
DENTAL PROCEDURES,D5226,TOTAL,N/A,0,0,
DENTAL PROCEDURES,D5281,,N/A,0,0,
DENTAL PROCEDURES,D5281,TOTAL,N/A,0,0,
DENTAL PROCEDURES,D5410,,N/A,0,0,
DENTAL PROCEDURES,D5410,TOTAL,N/A,0,0,
DENTAL PROCEDURES,D5411,,N/A,0,0,
DENTAL PROCEDURES,D5411,TOTAL,N/A,0,0,
DENTAL PROCEDURES,D5421,,N/A,0,0,
DENTAL PROCEDURES,D5421,TOTAL,N/A,0,0,
DENTAL PROCEDURES,D5422,,N/A,0,0,
DENTAL PROCEDURES,D5422,TOTAL,N/A,0,0,
DENTAL PROCEDURES,D5510,,N/A,0,0,
DENTAL PROCEDURES,D5510,TOTAL,N/A,0,0,
DENTAL PROCEDURES,D5520,,N/A,0,0,
DENTAL PROCEDURES,D5520,TOTAL,N/A,0,0,
DENTAL PROCEDURES,D5610,,N/A,0,0,
DENTAL PROCEDURES,D5610,TOTAL,N/A,0,0,
DENTAL PROCEDURES,D5630,,N/A,0,0,
DENTAL PROCEDURES,D5630,TOTAL,N/A,0,0,
DENTAL PROCEDURES,D5640,,N/A,0,0,
DENTAL PROCEDURES,D5640,TOTAL,N/A,0,0,
DENTAL PROCEDURES,D5650,,N/A,0,0,
DENTAL PROCEDURES,D5650,TOTAL,N/A,0,0,
DENTAL PROCEDURES,D5660,,N/A,0,0,
DENTAL PROCEDURES,D5660,TOTAL,N/A,0,0,
DENTAL PROCEDURES,D5670,,N/A,0,0,
DENTAL PROCEDURES,D5670,TOTAL,N/A,0,0,
DENTAL PROCEDURES,D5671,,N/A,0,0,
DENTAL PROCEDURES,D5671,TOTAL,N/A,0,0,
DENTAL PROCEDURES,D5710,,N/A,0,0,
DENTAL PROCEDURES,D5710,TOTAL,N/A,0,0,
DENTAL PROCEDURES,D5711,,N/A,0,0,
DENTAL PROCEDURES,D5711,TOTAL,N/A,0,0,
DENTAL PROCEDURES,D5730,,N/A,0,0,
DENTAL PROCEDURES,D5730,TOTAL,N/A,0,0,
DENTAL PROCEDURES,D5731,,N/A,0,0,
DENTAL PROCEDURES,D5731,TOTAL,N/A,0,0,
DENTAL PROCEDURES,D5740,,N/A,0,0,
DENTAL PROCEDURES,D5740,TOTAL,N/A,0,0,
DENTAL PROCEDURES,D5741,,N/A,0,0,
DENTAL PROCEDURES,D5741,TOTAL,N/A,0,0,
DENTAL PROCEDURES,D5750,,N/A,0,0,
DENTAL PROCEDURES,D5750,TOTAL,N/A,0,0,
DENTAL PROCEDURES,D5751,,N/A,0,0,
DENTAL PROCEDURES,D5751,TOTAL,N/A,0,0,
DENTAL PROCEDURES,D5810,,N/A,0,0,
DENTAL PROCEDURES,D5810,TOTAL,N/A,0,0,
DENTAL PROCEDURES,D5811,,N/A,0,0,
DENTAL PROCEDURES,D5811,TOTAL,N/A,0,0,
DENTAL PROCEDURES,D5820,,N/A,0,0,
DENTAL PROCEDURES,D5820,TOTAL,N/A,0,0,
DENTAL PROCEDURES,D5821,,N/A,0,0,
DENTAL PROCEDURES,D5821,TOTAL,N/A,0,0,
DENTAL PROCEDURES,D5850,,N/A,0,0,
DENTAL PROCEDURES,D5850,TOTAL,N/A,0,0,
DENTAL PROCEDURES,D5851,,N/A,0,0,
DENTAL PROCEDURES,D5851,TOTAL,N/A,0,0,
DENTAL PROCEDURES,D5860,,N/A,0,0,
DENTAL PROCEDURES,D5860,TOTAL,N/A,0,0,
DENTAL PROCEDURES,D5861,,N/A,0,0,
DENTAL PROCEDURES,D5861,TOTAL,N/A,0,0,
DENTAL PROCEDURES,D5862,,N/A,0,0,
DENTAL PROCEDURES,D5862,TOTAL,N/A,0,0,
DENTAL PROCEDURES,D5875,,N/A,0,0,
DENTAL PROCEDURES,D5875,TOTAL,N/A,0,0,
DENTAL PROCEDURES,D5899,,N/A,0,0,
DENTAL PROCEDURES,D5899,TOTAL,N/A,0,0,
DENTAL PROCEDURES,D5913,,N/A,0,0,
DENTAL PROCEDURES,D5913,TOTAL,N/A,0,0,
DENTAL PROCEDURES,D5922,,N/A,0,0,
DENTAL PROCEDURES,D5922,TOTAL,N/A,0,0,
DENTAL PROCEDURES,D5924,,N/A,0,0,
DENTAL PROCEDURES,D5924,TOTAL,N/A,0,0,
DENTAL PROCEDURES,D5931,,N/A,0,0,
DENTAL PROCEDURES,D5931,TOTAL,N/A,0,0,
DENTAL PROCEDURES,D5932,,N/A,0,0,
DENTAL PROCEDURES,D5932,TOTAL,N/A,0,0,
DENTAL PROCEDURES,D5933,,N/A,0,0,
DENTAL PROCEDURES,D5933,TOTAL,N/A,0,0,
DENTAL PROCEDURES,D5934,,N/A,0,0,
DENTAL PROCEDURES,D5934,TOTAL,N/A,0,0,
DENTAL PROCEDURES,D5936,,N/A,1578.35,1237.43,
DENTAL PROCEDURES,D5936,TOTAL,N/A,1578.35,1237.43,
DENTAL PROCEDURES,D5937,,N/A,0,0,
DENTAL PROCEDURES,D5937,TOTAL,N/A,0,0,
DENTAL PROCEDURES,D5960,,N/A,0,0,
DENTAL PROCEDURES,D5960,TOTAL,N/A,0,0,
DENTAL PROCEDURES,D5982,,N/A,0,0,
DENTAL PROCEDURES,D5982,TOTAL,N/A,0,0,
DENTAL PROCEDURES,D5983,,N/A,0,0,
DENTAL PROCEDURES,D5983,TOTAL,N/A,0,0,
DENTAL PROCEDURES,D5984,,N/A,0,0,
DENTAL PROCEDURES,D5984,TOTAL,N/A,0,0,
DENTAL PROCEDURES,D5985,,N/A,0,0,
DENTAL PROCEDURES,D5985,TOTAL,N/A,0,0,
DENTAL PROCEDURES,D5986,,N/A,0,0,
DENTAL PROCEDURES,D5986,TOTAL,N/A,0,0,
DENTAL PROCEDURES,D5987,,N/A,0,0,
DENTAL PROCEDURES,D5987,TOTAL,N/A,0,0,
DENTAL PROCEDURES,D5988,,N/A,0,0,
DENTAL PROCEDURES,D5988,TOTAL,N/A,0,0,
DENTAL PROCEDURES,D5991,,N/A,0,0,
DENTAL PROCEDURES,D5991,TOTAL,N/A,0,0,
DENTAL PROCEDURES,D5992,,N/A,0,0,
DENTAL PROCEDURES,D5992,TOTAL,N/A,0,0,
DENTAL PROCEDURES,D5994,,N/A,0,0,
DENTAL PROCEDURES,D5994,TOTAL,N/A,0,0,
DENTAL PROCEDURES,D5999,,N/A,0,0,
DENTAL PROCEDURES,D5999,TOTAL,N/A,0,0,
DENTAL PROCEDURES,D6010,,N/A,0,0,
DENTAL PROCEDURES,D6010,TOTAL,N/A,0,0,
DENTAL PROCEDURES,D6011,,N/A,0,0,
DENTAL PROCEDURES,D6011,TOTAL,N/A,0,0,
DENTAL PROCEDURES,D6012,,N/A,0,0,
DENTAL PROCEDURES,D6012,TOTAL,N/A,0,0,
DENTAL PROCEDURES,D6051,,N/A,0,0,
DENTAL PROCEDURES,D6051,TOTAL,N/A,0,0,
DENTAL PROCEDURES,D6052,,N/A,0,0,
DENTAL PROCEDURES,D6052,TOTAL,N/A,0,0,
DENTAL PROCEDURES,D6053,,N/A,0,0,
DENTAL PROCEDURES,D6053,TOTAL,N/A,0,0,
DENTAL PROCEDURES,D6054,,N/A,0,0,
DENTAL PROCEDURES,D6054,TOTAL,N/A,0,0,
DENTAL PROCEDURES,D6055,,N/A,0,0,
DENTAL PROCEDURES,D6055,TOTAL,N/A,0,0,
DENTAL PROCEDURES,D6056,,N/A,0,0,
DENTAL PROCEDURES,D6056,TOTAL,N/A,0,0,
DENTAL PROCEDURES,D6057,,N/A,0,0,
DENTAL PROCEDURES,D6057,TOTAL,N/A,0,0,
DENTAL PROCEDURES,D6058,,N/A,0,0,
DENTAL PROCEDURES,D6058,TOTAL,N/A,0,0,
DENTAL PROCEDURES,D6059,,N/A,0,0,
DENTAL PROCEDURES,D6059,TOTAL,N/A,0,0,
DENTAL PROCEDURES,D6061,,N/A,0,0,
DENTAL PROCEDURES,D6061,TOTAL,N/A,0,0,
DENTAL PROCEDURES,D6062,,N/A,0,0,
DENTAL PROCEDURES,D6062,TOTAL,N/A,0,0,
DENTAL PROCEDURES,D6063,,N/A,0,0,
DENTAL PROCEDURES,D6063,TOTAL,N/A,0,0,
DENTAL PROCEDURES,D6065,,N/A,0,0,
DENTAL PROCEDURES,D6065,TOTAL,N/A,0,0,
DENTAL PROCEDURES,D6066,,N/A,0,0,
DENTAL PROCEDURES,D6066,TOTAL,N/A,0,0,
DENTAL PROCEDURES,D6068,,N/A,0,0,
DENTAL PROCEDURES,D6068,TOTAL,N/A,0,0,
DENTAL PROCEDURES,D6069,,N/A,0,0,
DENTAL PROCEDURES,D6069,TOTAL,N/A,0,0,
DENTAL PROCEDURES,D6071,,N/A,0,0,
DENTAL PROCEDURES,D6071,TOTAL,N/A,0,0,
DENTAL PROCEDURES,D6076,,N/A,0,0,
DENTAL PROCEDURES,D6076,TOTAL,N/A,0,0,
DENTAL PROCEDURES,D6078,,N/A,0,0,
DENTAL PROCEDURES,D6078,TOTAL,N/A,0,0,
DENTAL PROCEDURES,D6079,,N/A,0,0,
DENTAL PROCEDURES,D6079,TOTAL,N/A,0,0,
DENTAL PROCEDURES,D6093,,N/A,0,0,
DENTAL PROCEDURES,D6093,TOTAL,N/A,0,0,
DENTAL PROCEDURES,D6094,,N/A,0,0,
DENTAL PROCEDURES,D6094,TOTAL,N/A,0,0,
DENTAL PROCEDURES,D6100,,N/A,0,0,
DENTAL PROCEDURES,D6100,TOTAL,N/A,0,0,
DENTAL PROCEDURES,D6101,,N/A,0,0,
DENTAL PROCEDURES,D6101,TOTAL,N/A,0,0,
DENTAL PROCEDURES,D6102,,N/A,0,0,
DENTAL PROCEDURES,D6102,TOTAL,N/A,0,0,
DENTAL PROCEDURES,D6103,,N/A,0,0,
DENTAL PROCEDURES,D6103,TOTAL,N/A,0,0,
DENTAL PROCEDURES,D6104,,N/A,0,0,
DENTAL PROCEDURES,D6104,TOTAL,N/A,0,0,
DENTAL PROCEDURES,D6190,,N/A,0,0,
DENTAL PROCEDURES,D6190,TOTAL,N/A,0,0,
DENTAL PROCEDURES,D6199,,N/A,0,0,
DENTAL PROCEDURES,D6199,TOTAL,N/A,0,0,
DENTAL PROCEDURES,D6210,,N/A,0,0,
DENTAL PROCEDURES,D6210,TOTAL,N/A,0,0,
DENTAL PROCEDURES,D6211,,N/A,0,0,
DENTAL PROCEDURES,D6211,TOTAL,N/A,0,0,
DENTAL PROCEDURES,D6212,,N/A,0,0,
DENTAL PROCEDURES,D6212,TOTAL,N/A,0,0,
DENTAL PROCEDURES,D6240,,N/A,0,0,
DENTAL PROCEDURES,D6240,TOTAL,N/A,0,0,
DENTAL PROCEDURES,D6241,,N/A,0,0,
DENTAL PROCEDURES,D6241,TOTAL,N/A,0,0,
DENTAL PROCEDURES,D6242,,N/A,0,0,
DENTAL PROCEDURES,D6242,TOTAL,N/A,0,0,
DENTAL PROCEDURES,D6245,,N/A,0,0,
DENTAL PROCEDURES,D6245,TOTAL,N/A,0,0,
DENTAL PROCEDURES,D6250,,N/A,0,0,
DENTAL PROCEDURES,D6250,TOTAL,N/A,0,0,
DENTAL PROCEDURES,D6251,,N/A,0,0,
DENTAL PROCEDURES,D6251,TOTAL,N/A,0,0,
DENTAL PROCEDURES,D6253,,N/A,0,0,
DENTAL PROCEDURES,D6253,TOTAL,N/A,0,0,
DENTAL PROCEDURES,D6545,,N/A,0,0,
DENTAL PROCEDURES,D6545,TOTAL,N/A,0,0,
DENTAL PROCEDURES,D6548,,N/A,0,0,
DENTAL PROCEDURES,D6548,TOTAL,N/A,0,0,
DENTAL PROCEDURES,D6600,,N/A,0,0,
DENTAL PROCEDURES,D6600,TOTAL,N/A,0,0,
DENTAL PROCEDURES,D6740,,N/A,0,0,
DENTAL PROCEDURES,D6740,TOTAL,N/A,0,0,
DENTAL PROCEDURES,D6750,,N/A,0,0,
DENTAL PROCEDURES,D6750,TOTAL,N/A,0,0,
DENTAL PROCEDURES,D6751,,N/A,0,0,
DENTAL PROCEDURES,D6751,TOTAL,N/A,0,0,
DENTAL PROCEDURES,D6752,,N/A,0,0,
DENTAL PROCEDURES,D6752,TOTAL,N/A,0,0,
DENTAL PROCEDURES,D6793,,N/A,0,0,
DENTAL PROCEDURES,D6793,TOTAL,N/A,0,0,
DENTAL PROCEDURES,D6930,,N/A,0,0,
DENTAL PROCEDURES,D6930,TOTAL,N/A,0,0,
DENTAL PROCEDURES,D6950,,N/A,0,0,
DENTAL PROCEDURES,D6950,TOTAL,N/A,0,0,
DENTAL PROCEDURES,D6970,,N/A,0,0,
DENTAL PROCEDURES,D6970,TOTAL,N/A,0,0,
DENTAL PROCEDURES,D6973,,N/A,0,0,
DENTAL PROCEDURES,D6973,TOTAL,N/A,0,0,
DENTAL PROCEDURES,D6975,,N/A,0,0,
DENTAL PROCEDURES,D6975,TOTAL,N/A,0,0,
DENTAL PROCEDURES,D6980,,N/A,0,0,
DENTAL PROCEDURES,D6980,TOTAL,N/A,0,0,
DENTAL PROCEDURES,D6985,,N/A,0,0,
DENTAL PROCEDURES,D6985,TOTAL,N/A,0,0,
DENTAL PROCEDURES,D6999,,N/A,0,0,
DENTAL PROCEDURES,D6999,TOTAL,N/A,0,0,
DENTAL PROCEDURES,D7111,,N/A,89.84,70.44,
DENTAL PROCEDURES,D7111,TOTAL,N/A,89.84,70.44,
DENTAL PROCEDURES,D7140,,1993,100329.04,78368.649999999994,
DENTAL PROCEDURES,D7140,TOTAL,1993,100329.04,78368.649999999994,
DENTAL PROCEDURES,D7210,,1065,121349.79,94981.08,
DENTAL PROCEDURES,D7210,TOTAL,1065,121349.79,94981.08,
DENTAL PROCEDURES,D7220,,N/A,262,205.41,
DENTAL PROCEDURES,D7220,TOTAL,N/A,262,205.41,
DENTAL PROCEDURES,D7230,,N/A,432.66,339.21,
DENTAL PROCEDURES,D7230,TOTAL,N/A,432.66,339.21,
DENTAL PROCEDURES,D7240,,17,2568.4499999999998,2013.68,
DENTAL PROCEDURES,D7240,TOTAL,17,2568.4499999999998,2013.68,
DENTAL PROCEDURES,D7241,,N/A,446,349.66,
DENTAL PROCEDURES,D7241,TOTAL,N/A,446,349.66,
DENTAL PROCEDURES,D7250,,47,2894.66,2269.4499999999998,
DENTAL PROCEDURES,D7250,TOTAL,47,2894.66,2269.4499999999998,
DENTAL PROCEDURES,D7251,,N/A,0,0,
DENTAL PROCEDURES,D7251,TOTAL,N/A,0,0,
DENTAL PROCEDURES,D7260,,N/A,0,0,
DENTAL PROCEDURES,D7260,TOTAL,N/A,0,0,
DENTAL PROCEDURES,D7261,,N/A,161.18,126.36,
DENTAL PROCEDURES,D7261,TOTAL,N/A,161.18,126.36,
DENTAL PROCEDURES,D7270,,N/A,0,0,
DENTAL PROCEDURES,D7270,TOTAL,N/A,0,0,
DENTAL PROCEDURES,D7280,,N/A,0,0,
DENTAL PROCEDURES,D7280,TOTAL,N/A,0,0,
DENTAL PROCEDURES,D7282,,N/A,0,0,
DENTAL PROCEDURES,D7282,TOTAL,N/A,0,0,
DENTAL PROCEDURES,D7283,,N/A,100,78.400000000000006,
DENTAL PROCEDURES,D7283,TOTAL,N/A,100,78.400000000000006,
DENTAL PROCEDURES,D7285,,N/A,0,0,
DENTAL PROCEDURES,D7285,TOTAL,N/A,0,0,
DENTAL PROCEDURES,D7286,,N/A,0,0,
DENTAL PROCEDURES,D7286,TOTAL,N/A,0,0,
DENTAL PROCEDURES,D7287,,N/A,0,0,
DENTAL PROCEDURES,D7287,TOTAL,N/A,0,0,
DENTAL PROCEDURES,D7288,,N/A,140,109.76,
DENTAL PROCEDURES,D7288,TOTAL,N/A,140,109.76,
DENTAL PROCEDURES,D7290,,N/A,0,0,
DENTAL PROCEDURES,D7290,TOTAL,N/A,0,0,
DENTAL PROCEDURES,D7294,,N/A,0,0,
DENTAL PROCEDURES,D7294,TOTAL,N/A,0,0,
DENTAL PROCEDURES,D7295,,N/A,0,0,
DENTAL PROCEDURES,D7295,TOTAL,N/A,0,0,
DENTAL PROCEDURES,D7310,,N/A,0,0,
DENTAL PROCEDURES,D7310,TOTAL,N/A,0,0,
DENTAL PROCEDURES,D7311,,N/A,213.48,167.4,
DENTAL PROCEDURES,D7311,TOTAL,N/A,213.48,167.4,
DENTAL PROCEDURES,D7320,,N/A,0,0,
DENTAL PROCEDURES,D7320,TOTAL,N/A,0,0,
DENTAL PROCEDURES,D7321,,N/A,666.1,522.23,
DENTAL PROCEDURES,D7321,TOTAL,N/A,666.1,522.23,
DENTAL PROCEDURES,D7340,,N/A,0,0,
DENTAL PROCEDURES,D7340,TOTAL,N/A,0,0,
DENTAL PROCEDURES,D7410,,N/A,0,0,
DENTAL PROCEDURES,D7410,TOTAL,N/A,0,0,
DENTAL PROCEDURES,D7411,,N/A,0,0,
DENTAL PROCEDURES,D7411,TOTAL,N/A,0,0,
DENTAL PROCEDURES,D7412,,N/A,0,0,
DENTAL PROCEDURES,D7412,TOTAL,N/A,0,0,
DENTAL PROCEDURES,D7413,,N/A,0,0,
DENTAL PROCEDURES,D7413,TOTAL,N/A,0,0,
DENTAL PROCEDURES,D7440,,N/A,0,0,
DENTAL PROCEDURES,D7440,TOTAL,N/A,0,0,
DENTAL PROCEDURES,D7441,,N/A,0,0,
DENTAL PROCEDURES,D7441,TOTAL,N/A,0,0,
DENTAL PROCEDURES,D7450,,N/A,0,0,
DENTAL PROCEDURES,D7450,TOTAL,N/A,0,0,
DENTAL PROCEDURES,D7451,,N/A,0,0,
DENTAL PROCEDURES,D7451,TOTAL,N/A,0,0,
DENTAL PROCEDURES,D7460,,N/A,0,0,
DENTAL PROCEDURES,D7460,TOTAL,N/A,0,0,
DENTAL PROCEDURES,D7461,,N/A,0,0,
DENTAL PROCEDURES,D7461,TOTAL,N/A,0,0,
DENTAL PROCEDURES,D7465,,N/A,0,0,
DENTAL PROCEDURES,D7465,TOTAL,N/A,0,0,
DENTAL PROCEDURES,D7471,,N/A,0,0,
DENTAL PROCEDURES,D7471,TOTAL,N/A,0,0,
DENTAL PROCEDURES,D7472,,N/A,0,0,
DENTAL PROCEDURES,D7472,TOTAL,N/A,0,0,
DENTAL PROCEDURES,D7473,,N/A,0,0,
DENTAL PROCEDURES,D7473,TOTAL,N/A,0,0,
DENTAL PROCEDURES,D7485,,N/A,0,0,
DENTAL PROCEDURES,D7485,TOTAL,N/A,0,0,
DENTAL PROCEDURES,D7510,,N/A,0,0,
DENTAL PROCEDURES,D7510,TOTAL,N/A,0,0,
DENTAL PROCEDURES,D7511,,N/A,74.64,58.52,
DENTAL PROCEDURES,D7511,TOTAL,N/A,74.64,58.52,
DENTAL PROCEDURES,D7520,,N/A,0,0,
DENTAL PROCEDURES,D7520,TOTAL,N/A,0,0,
DENTAL PROCEDURES,D7521,,N/A,0,0,
DENTAL PROCEDURES,D7521,TOTAL,N/A,0,0,
DENTAL PROCEDURES,D7530,,N/A,0,0,
DENTAL PROCEDURES,D7530,TOTAL,N/A,0,0,
DENTAL PROCEDURES,D7540,,N/A,0,0,
DENTAL PROCEDURES,D7540,TOTAL,N/A,0,0,
DENTAL PROCEDURES,D7550,,N/A,0,0,
DENTAL PROCEDURES,D7550,TOTAL,N/A,0,0,
DENTAL PROCEDURES,D7630,,N/A,0,0,
DENTAL PROCEDURES,D7630,TOTAL,N/A,0,0,
DENTAL PROCEDURES,D7640,,N/A,0,0,
DENTAL PROCEDURES,D7640,TOTAL,N/A,0,0,
DENTAL PROCEDURES,D7720,,N/A,0,0,
DENTAL PROCEDURES,D7720,TOTAL,N/A,0,0,
DENTAL PROCEDURES,D7820,,N/A,0,0,
DENTAL PROCEDURES,D7820,TOTAL,N/A,0,0,
DENTAL PROCEDURES,D7830,,N/A,0,0,
DENTAL PROCEDURES,D7830,TOTAL,N/A,0,0,
DENTAL PROCEDURES,D7870,,N/A,0,0,
DENTAL PROCEDURES,D7870,TOTAL,N/A,0,0,
DENTAL PROCEDURES,D7871,,N/A,0,0,
DENTAL PROCEDURES,D7871,TOTAL,N/A,0,0,
DENTAL PROCEDURES,D7877,,N/A,0,0,
DENTAL PROCEDURES,D7877,TOTAL,N/A,0,0,
DENTAL PROCEDURES,D7880,,N/A,0,0,
DENTAL PROCEDURES,D7880,TOTAL,N/A,0,0,
DENTAL PROCEDURES,D7899,,N/A,0,0,
DENTAL PROCEDURES,D7899,TOTAL,N/A,0,0,
DENTAL PROCEDURES,D7910,,N/A,0,0,
DENTAL PROCEDURES,D7910,TOTAL,N/A,0,0,
DENTAL PROCEDURES,D7911,,N/A,0,0,
DENTAL PROCEDURES,D7911,TOTAL,N/A,0,0,
DENTAL PROCEDURES,D7920,,N/A,0,0,
DENTAL PROCEDURES,D7920,TOTAL,N/A,0,0,
DENTAL PROCEDURES,D7921,,N/A,0,0,
DENTAL PROCEDURES,D7921,TOTAL,N/A,0,0,
DENTAL PROCEDURES,D7943,,N/A,0,0,
DENTAL PROCEDURES,D7943,TOTAL,N/A,0,0,
DENTAL PROCEDURES,D7950,,N/A,0,0,
DENTAL PROCEDURES,D7950,TOTAL,N/A,0,0,
DENTAL PROCEDURES,D7951,,N/A,0,0,
DENTAL PROCEDURES,D7951,TOTAL,N/A,0,0,
DENTAL PROCEDURES,D7952,,N/A,0,0,
DENTAL PROCEDURES,D7952,TOTAL,N/A,0,0,
DENTAL PROCEDURES,D7953,,N/A,0,0,
DENTAL PROCEDURES,D7953,TOTAL,N/A,0,0,
DENTAL PROCEDURES,D7955,,N/A,0,0,
DENTAL PROCEDURES,D7955,TOTAL,N/A,0,0,
DENTAL PROCEDURES,D7960,,N/A,0,0,
DENTAL PROCEDURES,D7960,TOTAL,N/A,0,0,
DENTAL PROCEDURES,D7963,,N/A,0,0,
DENTAL PROCEDURES,D7963,TOTAL,N/A,0,0,
DENTAL PROCEDURES,D7970,,N/A,0,0,
DENTAL PROCEDURES,D7970,TOTAL,N/A,0,0,
DENTAL PROCEDURES,D7972,,N/A,0,0,
DENTAL PROCEDURES,D7972,TOTAL,N/A,0,0,
DENTAL PROCEDURES,D7980,,N/A,0,0,
DENTAL PROCEDURES,D7980,TOTAL,N/A,0,0,
DENTAL PROCEDURES,D7981,,N/A,0,0,
DENTAL PROCEDURES,D7981,TOTAL,N/A,0,0,
DENTAL PROCEDURES,D7995,,N/A,0,0,
DENTAL PROCEDURES,D7995,TOTAL,N/A,0,0,
DENTAL PROCEDURES,D7997,,N/A,0,0,
DENTAL PROCEDURES,D7997,TOTAL,N/A,0,0,
DENTAL PROCEDURES,D7999,,N/A,0,0,
DENTAL PROCEDURES,D7999,TOTAL,N/A,0,0,
DENTAL PROCEDURES,D8060,,N/A,0,0,
DENTAL PROCEDURES,D8060,TOTAL,N/A,0,0,
DENTAL PROCEDURES,D8080,,N/A,0,0,
DENTAL PROCEDURES,D8080,TOTAL,N/A,0,0,
DENTAL PROCEDURES,D8090,,N/A,0,0,
DENTAL PROCEDURES,D8090,TOTAL,N/A,0,0,
DENTAL PROCEDURES,D8210,,N/A,0,0,
DENTAL PROCEDURES,D8210,TOTAL,N/A,0,0,
DENTAL PROCEDURES,D8670,,N/A,0,0,
DENTAL PROCEDURES,D8670,TOTAL,N/A,0,0,
DENTAL PROCEDURES,D8680,,N/A,0,0,
DENTAL PROCEDURES,D8680,TOTAL,N/A,0,0,
DENTAL PROCEDURES,D8690,,N/A,0,0,
DENTAL PROCEDURES,D8690,TOTAL,N/A,0,0,
DENTAL PROCEDURES,D8691,,N/A,0,0,
DENTAL PROCEDURES,D8691,TOTAL,N/A,0,0,
DENTAL PROCEDURES,D8999,,N/A,0,0,
DENTAL PROCEDURES,D8999,TOTAL,N/A,0,0,
DENTAL PROCEDURES,D9110,,N/A,0,0,
DENTAL PROCEDURES,D9110,TOTAL,N/A,0,0,
DENTAL PROCEDURES,D9120,,N/A,0,0,
DENTAL PROCEDURES,D9120,TOTAL,N/A,0,0,
DENTAL PROCEDURES,D9210,,N/A,0,0,
DENTAL PROCEDURES,D9210,TOTAL,N/A,0,0,
DENTAL PROCEDURES,D9212,,N/A,0,0,
DENTAL PROCEDURES,D9212,TOTAL,N/A,0,0,
DENTAL PROCEDURES,D9215,,N/A,0,0,
DENTAL PROCEDURES,D9215,TOTAL,N/A,0,0,
DENTAL PROCEDURES,D9220,,N/A,0,0,
DENTAL PROCEDURES,D9220,TOTAL,N/A,0,0,
DENTAL PROCEDURES,D9221,,N/A,0,0,
DENTAL PROCEDURES,D9221,TOTAL,N/A,0,0,
DENTAL PROCEDURES,D9230,,N/A,267.20999999999998,209.43,
DENTAL PROCEDURES,D9230,TOTAL,N/A,267.20999999999998,209.43,
DENTAL PROCEDURES,D9241,,N/A,0,0,
DENTAL PROCEDURES,D9241,TOTAL,N/A,0,0,
DENTAL PROCEDURES,D9242,,N/A,0,0,
DENTAL PROCEDURES,D9242,TOTAL,N/A,0,0,
DENTAL PROCEDURES,D9248,,N/A,0,0,
DENTAL PROCEDURES,D9248,TOTAL,N/A,0,0,
DENTAL PROCEDURES,D9310,,N/A,0,0,
DENTAL PROCEDURES,D9310,TOTAL,N/A,0,0,
DENTAL PROCEDURES,D9410,,N/A,0,0,
DENTAL PROCEDURES,D9410,TOTAL,N/A,0,0,
DENTAL PROCEDURES,D9420,,N/A,0,0,
DENTAL PROCEDURES,D9420,TOTAL,N/A,0,0,
DENTAL PROCEDURES,D9430,,N/A,0,0,
DENTAL PROCEDURES,D9430,TOTAL,N/A,0,0,
DENTAL PROCEDURES,D9440,,N/A,0,0,
DENTAL PROCEDURES,D9440,TOTAL,N/A,0,0,
DENTAL PROCEDURES,D9450,,N/A,0,0,
DENTAL PROCEDURES,D9450,TOTAL,N/A,0,0,
DENTAL PROCEDURES,D9610,,N/A,0,0,
DENTAL PROCEDURES,D9610,TOTAL,N/A,0,0,
DENTAL PROCEDURES,D9612,,N/A,0,0,
DENTAL PROCEDURES,D9612,TOTAL,N/A,0,0,
DENTAL PROCEDURES,D9630,,N/A,0,0,
DENTAL PROCEDURES,D9630,TOTAL,N/A,0,0,
DENTAL PROCEDURES,D9910,,N/A,0,0,
DENTAL PROCEDURES,D9910,TOTAL,N/A,0,0,
DENTAL PROCEDURES,D9920,,N/A,0,0,
DENTAL PROCEDURES,D9920,TOTAL,N/A,0,0,
DENTAL PROCEDURES,D9930,,N/A,0,0,
DENTAL PROCEDURES,D9930,TOTAL,N/A,0,0,
DENTAL PROCEDURES,D9940,,N/A,0,0,
DENTAL PROCEDURES,D9940,TOTAL,N/A,0,0,
DENTAL PROCEDURES,D9941,,N/A,0,0,
DENTAL PROCEDURES,D9941,TOTAL,N/A,0,0,
DENTAL PROCEDURES,D9942,,N/A,0,0,
DENTAL PROCEDURES,D9942,TOTAL,N/A,0,0,
DENTAL PROCEDURES,D9950,,N/A,0,0,
DENTAL PROCEDURES,D9950,TOTAL,N/A,0,0,
DENTAL PROCEDURES,D9951,,N/A,48,37.630000000000003,
DENTAL PROCEDURES,D9951,TOTAL,N/A,48,37.630000000000003,
DENTAL PROCEDURES,D9952,,N/A,0,0,
DENTAL PROCEDURES,D9952,TOTAL,N/A,0,0,
DENTAL PROCEDURES,D9970,,N/A,0,0,
DENTAL PROCEDURES,D9970,TOTAL,N/A,0,0,
DENTAL PROCEDURES,D9971,,N/A,0,0,
DENTAL PROCEDURES,D9971,TOTAL,N/A,0,0,
DENTAL PROCEDURES,D9974,,N/A,0,0,
DENTAL PROCEDURES,D9974,TOTAL,N/A,0,0,
DENTAL PROCEDURES,D9999,,N/A,0,0,
DENTAL PROCEDURES,D9999,TOTAL,N/A,0,0,
"
“N/A” means that the data cannot be disclosed due to Privacy rules.",,,,,,
